organism_group,agent_code,method,disk_content,site,route,standard,table_reference,tier,mic_susceptible_max,mic_sdd_min,mic_sdd_max,mic_intermediate_min,mic_intermediate_max,mic_resistant_min,disk_susceptible_min,disk_sdd_min,disk_sdd_max,disk_intermediate_min,disk_intermediate_max,disk_resistant_max,dosage_note,comment
Enterobacterales,AMP,DISK,10 µg,,,CLSI M100,2A-1,,,,,,,,17,,,14,16,13,,"Zone as printed: S ≥17, I 14-16^, R ≤13. (5) Results of ampicillin testing can be used to predict results for amoxicillin. (6) Breakpoints when oral ampicillin is used are only for therapy of uncomplicated UTIs due to Escherichia coli and Proteus mirabilis."
Enterobacterales,AMP,MIC,,,,CLSI M100,2A-1,,8,,,16,16,32,,,,,,,,"MIC as printed: S ≤8, I 16^, R ≥32. (5) Results of ampicillin testing can be used to predict results for amoxicillin. (6) Breakpoints when oral ampicillin is used are only for therapy of uncomplicated UTIs due to Escherichia coli and Proteus mirabilis."
Enterobacterales,PIP,MIC,,,,CLSI M100,2A-1,,8,16,16,,,32,,,,,,,,"MIC as printed: S ≤8, SDD 16, R ≥32. (7) Disk diffusion breakpoints have been removed because no disk correlate data are available for the revised piperacillin MIC breakpoints. Disk diffusion breakpoints will be reassessed if data become available."
Enterobacterales,MEC,DISK,10 µg,uti,,CLSI M100,2A-1,,,,,,,,15,,,12,14,11,,"Zone as printed: S ≥15, I 12-14^, R ≤11. (8) Report only on E. coli."
Enterobacterales,MEC,MIC,,uti,,CLSI M100,2A-1,,8,,,16,16,32,,,,,,,,"MIC as printed: S ≤8, I 16^, R ≥32. (8) Report only on E. coli."
Enterobacterales,AMC,DISK,20/10 µg,,,CLSI M100,2A-1,,,,,,,,18,,,14,17,13,,"Zone as printed: S ≥18, I 14-17^, R ≤13. (10) Breakpoints when oral amoxicillin-clavulanate is used are only for therapy of uncomplicated UTIs or for completion of therapy for systemic infection."
Enterobacterales,AMC,MIC,,,,CLSI M100,2A-1,,8,,,16,16,32,,,,,,,,"MIC as printed: S ≤8/4, I 16/8^, R ≥32/16. (10) Breakpoints when oral amoxicillin-clavulanate is used are only for therapy of uncomplicated UTIs or for completion of therapy for systemic infection."
Enterobacterales,SAM,DISK,10/10 µg,,,CLSI M100,2A-1,,,,,,,,15,,,12,14,11,,"Zone as printed: S ≥15, I 12-14^, R ≤11"
Enterobacterales,SAM,MIC,,,,CLSI M100,2A-1,,8,,,16,16,32,,,,,,,,"MIC as printed: S ≤8/4, I 16/8^, R ≥32/16"
Enterobacterales,AZA,DISK,30/20 µg,,,CLSI M100,2A-1,,,,,,,,25,,,22,24,21,,"Zone as printed: S ≥25, I 22-24^, R ≤21. (11) Confirmatory MIC testing is indicated for isolates with zones of 22-"
Enterobacterales,AZA,MIC,,,,CLSI M100,2A-1,,4,,,8,8,16,,,,,,,,"MIC as printed: S ≤4/4, I 8/4^, R ≥16/4. (11) Confirmatory MIC testing is indicated for isolates with zones of 22-"
Enterobacterales,CZA,DISK,30/20 µg,,,CLSI M100,2A-1,,,,,,,,21,,,,,20,,"Zone as printed: S ≥21, R ≤20. (12) Confirmatory MIC testing is indicated for isolates with zones of"
Enterobacterales,CZA,MIC,,,,CLSI M100,2A-1,,8,,,,,16,,,,,,,,"MIC as printed: S ≤8/4, R ≥16/4. (12) Confirmatory MIC testing is indicated for isolates with zones of"
Enterobacterales,CZT,DISK,30/10 µg,,,CLSI M100,2A-1,,,,,,,,22,,,19,21,18,,"Zone as printed: S ≥22, I 19-21^, R ≤18"
Enterobacterales,CZT,MIC,,,,CLSI M100,2A-1,,2,,,4,4,8,,,,,,,,"MIC as printed: S ≤2/4, I 4/4^, R ≥8/4"
Enterobacterales,IMR,DISK,10/25 µg,,,CLSI M100,2A-1,,,,,,,,25,,,21,24,20,,"Zone as printed: S ≥25, I 21-24^, R ≤20. (13) Breakpoints do not apply to the family Morganellaceae, which includes but is not limited to the genera Morganella, Proteus, and Providencia."
Enterobacterales,IMR,MIC,,,,CLSI M100,2A-1,,1,,,2,2,4,,,,,,,,"MIC as printed: S ≤1/4, I 2/4^, R ≥4/4. (13) Breakpoints do not apply to the family Morganellaceae, which includes but is not limited to the genera Morganella, Proteus, and Providencia."
Enterobacterales,MEV,DISK,20/10 µg,,,CLSI M100,2A-1,,,,,,,,18,,,15,17,14,,"Zone as printed: S ≥18, I 15-17^, R ≤14. (14) Enterobacterales that harbor OXA- 48–like enzymes may test susceptible to meropenem-vaborbactam but may not respond to meropenem-vaborbactam in vivo. If an OXA-48–like gene or enzyme is detected, suppress meropenem-vaborbactam or report as resistant."
Enterobacterales,MEV,MIC,,,,CLSI M100,2A-1,,4,,,8,8,16,,,,,,,,"MIC as printed: S ≤4/8, I 8/8^, R ≥16/8. (14) Enterobacterales that harbor OXA- 48–like enzymes may test susceptible to meropenem-vaborbactam but may not respond to meropenem-vaborbactam in vivo. If an OXA-48–like gene or enzyme is detected, suppress meropenem-vaborbactam or report as resistant."
Enterobacterales,TZP,DISK,100/10 µg,,,CLSI M100,2A-1,,,,,,,,25,21,24,,,20,,"Zone as printed: S ≥25, SDD 21-24, R ≤20"
Enterobacterales,TZP,MIC,,,,CLSI M100,2A-1,,8,16,16,,,32,,,,,,,,"MIC as printed: S ≤8/4, SDD 16/4, R ≥32/4"
Enterobacterales,TCC,DISK,75/10 µg,,,CLSI M100,2A-1,,,,,,,,20,,,15,19,14,,"Zone as printed: S ≥20, I 15-19^, R ≤14"
Enterobacterales,TCC,MIC,,,,CLSI M100,2A-1,,16,,,32,32,128,,,,,,,,"MIC as printed: S ≤16/2, I 32/2-, R ≥128/2"
Enterobacterales,CZO,DISK,30 µg,,,CLSI M100,2A-1,,,,,,,,23,,,20,22,19,,"Zone as printed: S ≥23, I 20-22, R ≤19. (17) Breakpoints when cefazolin is used for therapy of infections other than uncomplicated UTIs due to E. coli, K. pneumoniae, and P. mirabilis. See comment (15)."
Enterobacterales,CZO,MIC,,,,CLSI M100,2A-1,,2,,,4,4,8,,,,,,,,"MIC as printed: S ≤2, I 4, R ≥8. (17) Breakpoints when cefazolin is used for therapy of infections other than uncomplicated UTIs due to E. coli, K. pneumoniae, and P. mirabilis. See comment (15)."
Enterobacterales,CZO,DISK,30 µg,uti,,CLSI M100,2A-1,,,,,,,,15,,,,,14,,"Zone as printed: S ≥15, R ≤14. (18) Breakpoints when cefazolin is used for therapy of uncomplicated UTIs due to E. coli, K. pneumoniae, and P. mirabilis. See additional information in CEPHEMS (ORAL)."
Enterobacterales,CZO,MIC,,uti,,CLSI M100,2A-1,,16,,,,,32,,,,,,,,"MIC as printed: S ≤16, R ≥32. (18) Breakpoints when cefazolin is used for therapy of uncomplicated UTIs due to E. coli, K. pneumoniae, and P. mirabilis. See additional information in CEPHEMS (ORAL)."
Enterobacterales,CPT,DISK,30 µg,,,CLSI M100,2A-1,,,,,,,,23,,,20,22,19,,"Zone as printed: S ≥23, I 20-22^, R ≤19"
Enterobacterales,CPT,MIC,,,,CLSI M100,2A-1,,0.5,,,1,1,2,,,,,,,,"MIC as printed: S ≤0.5, I 1^, R ≥2"
Enterobacterales,FEP,DISK,30 µg,,,CLSI M100,2A-1,,,,,,,,25,19,24,,,18,,"Zone as printed: S ≥25, SDD 19-24, R ≤18. (19) Cefepime S/SDD results should be suppressed or edited and reported as resistant for isolates that demonstrate carbapenemase production (see Appendix G, Table G3)."
Enterobacterales,FEP,MIC,,,,CLSI M100,2A-1,,2,4,8,,,16,,,,,,,,"MIC as printed: S ≤2, SDD 4-8, R ≥16. (19) Cefepime S/SDD results should be suppressed or edited and reported as resistant for isolates that demonstrate carbapenemase production (see Appendix G, Table G3)."
Enterobacterales,CTX,DISK,30 µg,,,CLSI M100,2A-1,,,,,,,,26,,,23,25,22,,"Zone as printed: S ≥26, I 23-25^, R ≤22. See comment (15)."
Enterobacterales,CTX,MIC,,,,CLSI M100,2A-1,,1,,,2,2,4,,,,,,,,"MIC as printed: S ≤1, I 2^, R ≥4. See comment (15)."
Enterobacterales,CRO,DISK,30 µg,,,CLSI M100,2A-1,,,,,,,,23,,,20,22,19,,"Zone as printed: S ≥23, I 20-22^, R ≤19"
Enterobacterales,CRO,MIC,,,,CLSI M100,2A-1,,1,,,2,2,4,,,,,,,,"MIC as printed: S ≤1, I 2^, R ≥4"
Enterobacterales,CTT,DISK,30 µg,,,CLSI M100,2A-1,,,,,,,,16,,,13,15,12,,"Zone as printed: S ≥16, I 13-15^, R ≤12"
Enterobacterales,CTT,MIC,,,,CLSI M100,2A-1,,16,,,32,32,64,,,,,,,,"MIC as printed: S ≤16, I 32^, R ≥64"
Enterobacterales,FOX,DISK,30 µg,,,CLSI M100,2A-1,,,,,,,,18,,,15,17,14,,"Zone as printed: S ≥18, I 15-17^, R ≤14"
Enterobacterales,FOX,MIC,,,,CLSI M100,2A-1,,8,,,16,16,32,,,,,,,,"MIC as printed: S ≤8, I 16^, R ≥32"
Enterobacterales,CXM,DISK,30 µg,,iv,CLSI M100,2A-1,,,,,,,,18,,,15,17,14,,"Zone as printed: S ≥18, I 15-17^, R ≤14. See comment (15)."
Enterobacterales,CXM,MIC,,,iv,CLSI M100,2A-1,,8,,,16,16,32,,,,,,,,"MIC as printed: S ≤8, I 16^, R ≥32. See comment (15)."
Enterobacterales,CAZ,DISK,30 µg,,,CLSI M100,2A-1,,,,,,,,21,,,18,20,17,,"Zone as printed: S ≥21, I 18-20^, R ≤17. See comment (15)."
Enterobacterales,CAZ,MIC,,,,CLSI M100,2A-1,,4,,,8,8,16,,,,,,,,"MIC as printed: S ≤4, I 8^, R ≥16. See comment (15)."
Enterobacterales,MAN,DISK,30 µg,,,CLSI M100,2A-1,,,,,,,,18,,,15,17,14,,"Zone as printed: S ≥18, I 15-17^, R ≤14. See comment (15)."
Enterobacterales,MAN,MIC,,,,CLSI M100,2A-1,,8,,,16,16,32,,,,,,,,"MIC as printed: S ≤8, I 16^, R ≥32. See comment (15)."
Enterobacterales,CMZ,DISK,30 µg,,,CLSI M100,2A-1,,,,,,,,16,,,13,15,12,,"Zone as printed: S ≥16, I 13-15^, R ≤12. (20) Insufficient new data exist to reevaluate breakpoints listed here."
Enterobacterales,CMZ,MIC,,,,CLSI M100,2A-1,,16,,,32,32,64,,,,,,,,"MIC as printed: S ≤16, I 32^, R ≥64. (20) Insufficient new data exist to reevaluate breakpoints listed here."
Enterobacterales,CID,DISK,30 µg,,,CLSI M100,2A-1,,,,,,,,18,,,15,17,14,,"Zone as printed: S ≥18, I 15-17^, R ≤14. See comment (15)."
Enterobacterales,CID,MIC,,,,CLSI M100,2A-1,,8,,,16,16,32,,,,,,,,"MIC as printed: S ≤8, I 16^, R ≥32. See comment (15)."
Enterobacterales,CFP,DISK,75 µg,,,CLSI M100,2A-1,,,,,,,,21,,,16,20,15,,"Zone as printed: S ≥21, I 16-20, R ≤15. See comment (15)."
Enterobacterales,CFP,MIC,,,,CLSI M100,2A-1,,16,,,32,32,64,,,,,,,,"MIC as printed: S ≤16, I 32, R ≥64. See comment (15)."
Enterobacterales,CZX,DISK,30 µg,,,CLSI M100,2A-1,,,,,,,,25,,,22,24,21,,"Zone as printed: S ≥25, I 22-24^, R ≤21. See comment (15)."
Enterobacterales,CZX,MIC,,,,CLSI M100,2A-1,,1,,,2,2,4,,,,,,,,"MIC as printed: S ≤1, I 2^, R ≥4. See comment (15)."
Enterobacterales,MOX,DISK,30 µg,,,CLSI M100,2A-1,,,,,,,,23,,,15,22,14,,"Zone as printed: S ≥23, I 15-22^, R ≤14. See comment (15)."
Enterobacterales,MOX,MIC,,,,CLSI M100,2A-1,,8,,,16,32,64,,,,,,,,"MIC as printed: S ≤8, I 16-32^, R ≥64. See comment (15)."
Enterobacterales,FDC,DISK,30 µg,,,CLSI M100,2A-1,,,,,,,,16,,,9,15,8,,"Zone as printed: S ≥16, I 9-15^, R ≤8. (21) The accuracy and reproducibility of cefiderocol testing results by disk diffusion and broth microdilution are markedly affected by iron concentration and inoculum preparation and may vary by disk and media manufacturer. Depending on the type of variance observed, false-resistant or false-susceptible results may occur. Testing subsequent isolates is encouraged. Discussion with prescribers and antimicrobial stewardship members regarding the potential for inaccuracies is recommended."
Enterobacterales,FDC,MIC,,,,CLSI M100,2A-1,,4,,,8,8,16,,,,,,,,"MIC as printed: S ≤4, I 8^, R ≥16. (21) The accuracy and reproducibility of cefiderocol testing results by disk diffusion and broth microdilution are markedly affected by iron concentration and inoculum preparation and may vary by disk and media manufacturer. Depending on the type of variance observed, false-resistant or false-susceptible results may occur. Testing subsequent isolates is encouraged. Discussion with prescribers and antimicrobial stewardship members regarding the potential for inaccuracies is recommended."
Enterobacterales,CXM,DISK,30 µg,,oral,CLSI M100,2A-1,,,,,,,,23,,,15,22,14,,"Zone as printed: S ≥23, I 15-22^, R ≤14"
Enterobacterales,CXM,MIC,,,oral,CLSI M100,2A-1,,4,,,8,16,32,,,,,,,,"MIC as printed: S ≤4, I 8-16^, R ≥32"
Enterobacterales,LOR,DISK,30 µg,,,CLSI M100,2A-1,,,,,,,,18,,,15,17,14,,"Zone as printed: S ≥18, I 15-17^, R ≤14. (23) Do not test Citrobacter, Providencia, or Enterobacter spp. with cefdinir or loracarbef disk diffusion because false-susceptible results have been reported."
Enterobacterales,LOR,MIC,,,,CLSI M100,2A-1,,8,,,16,16,32,,,,,,,,"MIC as printed: S ≤8, I 16^, R ≥32. (23) Do not test Citrobacter, Providencia, or Enterobacter spp. with cefdinir or loracarbef disk diffusion because false-susceptible results have been reported."
Enterobacterales,CEC,DISK,30 µg,,,CLSI M100,2A-1,,,,,,,,18,,,15,17,14,,"Zone as printed: S ≥18, I 15-17^, R ≤14"
Enterobacterales,CEC,MIC,,,,CLSI M100,2A-1,,8,,,16,16,32,,,,,,,,"MIC as printed: S ≤8, I 16^, R ≥32"
Enterobacterales,CDR,DISK,5 µg,,,CLSI M100,2A-1,,,,,,,,20,,,17,19,16,,"Zone as printed: S ≥20, I 17-19^, R ≤16. See comment (23)."
Enterobacterales,CDR,MIC,,,,CLSI M100,2A-1,,1,,,2,2,4,,,,,,,,"MIC as printed: S ≤1, I 2^, R ≥4. See comment (23)."
Enterobacterales,CFM,DISK,5 µg,,,CLSI M100,2A-1,,,,,,,,19,,,16,18,15,,"Zone as printed: S ≥19, I 16-18^, R ≤15. (24) Do not test Morganella spp. with cefixime, cefpodoxime, or cefetamet by disk diffusion."
Enterobacterales,CFM,MIC,,,,CLSI M100,2A-1,,1,,,2,2,4,,,,,,,,"MIC as printed: S ≤1, I 2^, R ≥4. (24) Do not test Morganella spp. with cefixime, cefpodoxime, or cefetamet by disk diffusion."
Enterobacterales,CPD,DISK,10 µg,,,CLSI M100,2A-1,,,,,,,,21,,,18,20,17,,"Zone as printed: S ≥21, I 18-20^, R ≤17. See comment (24)."
Enterobacterales,CPD,MIC,,,,CLSI M100,2A-1,,2,,,4,4,8,,,,,,,,"MIC as printed: S ≤2, I 4^, R ≥8. See comment (24)."
Enterobacterales,CPR,DISK,30 µg,,,CLSI M100,2A-1,,,,,,,,18,,,15,17,14,,"Zone as printed: S ≥18, I 15-17^, R ≤14. (25) Do not test Providencia spp. with cefprozil by disk diffusion because false-susceptible results have been reported."
Enterobacterales,CPR,MIC,,,,CLSI M100,2A-1,,8,,,16,16,32,,,,,,,,"MIC as printed: S ≤8, I 16^, R ≥32. (25) Do not test Providencia spp. with cefprozil by disk diffusion because false-susceptible results have been reported."
Enterobacterales,CAT,DISK,10 µg,,,CLSI M100,2A-1,,,,,,,,18,,,15,17,14,,"Zone as printed: S ≥18, I 15-17^, R ≤14. See comment (24)."
Enterobacterales,CAT,MIC,,,,CLSI M100,2A-1,,4,,,8,8,16,,,,,,,,"MIC as printed: S ≤4, I 8^, R ≥16. See comment (24)."
Enterobacterales,CTB,DISK,30 µg,uti,,CLSI M100,2A-1,,,,,,,,21,,,18,20,17,,"Zone as printed: S ≥21, I 18-20^, R ≤17"
Enterobacterales,CTB,MIC,,uti,,CLSI M100,2A-1,,8,,,16,16,32,,,,,,,,"MIC as printed: S ≤8, I 16^, R ≥32"
Enterobacterales,ATM,DISK,30 µg,,,CLSI M100,2A-1,,,,,,,,21,,,18,20,17,,"Zone as printed: S ≥21, I 18-20^, R ≤17. See comment (15)."
Enterobacterales,ATM,MIC,,,,CLSI M100,2A-1,,4,,,8,8,16,,,,,,,,"MIC as printed: S ≤4, I 8^, R ≥16. See comment (15)."
Enterobacterales,DOR,DISK,10 µg,,,CLSI M100,2A-1,,,,,,,,23,,,20,22,19,,"Zone as printed: S ≥23, I 20-22^, R ≤19"
Enterobacterales,DOR,MIC,,,,CLSI M100,2A-1,,1,,,2,2,4,,,,,,,,"MIC as printed: S ≤1, I 2^, R ≥4"
Enterobacterales,ETP,DISK,10 µg,,,CLSI M100,2A-1,,,,,,,,22,,,19,21,18,,"Zone as printed: S ≥22, I 19-21^, R ≤18"
Enterobacterales,ETP,MIC,,,,CLSI M100,2A-1,,0.5,,,1,1,2,,,,,,,,"MIC as printed: S ≤0.5, I 1^, R ≥2"
Enterobacterales,IPM,DISK,10 µg,,,CLSI M100,2A-1,,,,,,,,23,,,20,22,19,,"Zone as printed: S ≥23, I 20-22^, R ≤19"
Enterobacterales,IPM,MIC,,,,CLSI M100,2A-1,,1,,,2,2,4,,,,,,,,"MIC as printed: S ≤1, I 2^, R ≥4"
Enterobacterales,MEM,DISK,10 µg,,,CLSI M100,2A-1,,,,,,,,23,,,20,22,19,,"Zone as printed: S ≥23, I 20-22^, R ≤19"
Enterobacterales,MEM,MIC,,,,CLSI M100,2A-1,,1,,,2,2,4,,,,,,,,"MIC as printed: S ≤1, I 2^, R ≥4"
Enterobacterales,GEN,DISK,10 µg,,,CLSI M100,2A-1,,,,,,,,18,,,15,17,14,,"Zone as printed: S ≥18, I 15-17^, R ≤14"
Enterobacterales,GEN,MIC,,,,CLSI M100,2A-1,,2,,,4,4,8,,,,,,,,"MIC as printed: S ≤2, I 4^, R ≥8"
Enterobacterales,TOB,DISK,10 µg,,,CLSI M100,2A-1,,,,,,,,17,,,13,16,12,,"Zone as printed: S ≥17, I 13-16^, R ≤12"
Enterobacterales,TOB,MIC,,,,CLSI M100,2A-1,,2,,,4,4,8,,,,,,,,"MIC as printed: S ≤2, I 4^, R ≥8"
Enterobacterales,AMK,DISK,30 µg,,,CLSI M100,2A-1,,,,,,,,20,,,17,19,16,,"Zone as printed: S ≥20, I 17-19^, R ≤16"
Enterobacterales,AMK,MIC,,,,CLSI M100,2A-1,,4,,,8,8,16,,,,,,,,"MIC as printed: S ≤4, I 8^, R ≥16"
Enterobacterales,PLZ,DISK,30 µg,,,CLSI M100,2A-1,,,,,,,,18,,,15,17,14,,"Zone as printed: S ≥18, I 15-17^, R ≤14. See comment (13)."
Enterobacterales,PLZ,MIC,,,,CLSI M100,2A-1,,2,,,4,4,8,,,,,,,,"MIC as printed: S ≤2, I 4^, R ≥8. See comment (13)."
Enterobacterales,KAN,DISK,30 µg,,,CLSI M100,2A-1,,,,,,,,18,,,14,17,13,,"Zone as printed: S ≥18, I 14-17^, R ≤13"
Enterobacterales,KAN,MIC,,,,CLSI M100,2A-1,,16,,,32,32,64,,,,,,,,"MIC as printed: S ≤16, I 32^, R ≥64"
Enterobacterales,NET,DISK,30 µg,,,CLSI M100,2A-1,,,,,,,,15,,,13,14,12,,"Zone as printed: S ≥15, I 13-14^, R ≤12"
Enterobacterales,NET,MIC,,,,CLSI M100,2A-1,,8,,,16,16,32,,,,,,,,"MIC as printed: S ≤8, I 16^, R ≥32"
Enterobacterales,STR,DISK,10 µg,,,CLSI M100,2A-1,,,,,,,,15,,,12,14,11,,"Zone as printed: S ≥15, I 12-14^, R ≤11"
Enterobacterales,TCY,DISK,30 µg,,,CLSI M100,2A-1,,,,,,,,15,,,12,14,11,,"Zone as printed: S ≥15, I 12-14, R ≤11"
Enterobacterales,TCY,MIC,,,,CLSI M100,2A-1,,4,,,8,8,16,,,,,,,,"MIC as printed: S ≤4, I 8, R ≥16"
Enterobacterales,DOX,DISK,30 µg,,,CLSI M100,2A-1,,,,,,,,14,,,11,13,10,,"Zone as printed: S ≥14, I 11-13, R ≤10"
Enterobacterales,DOX,MIC,,,,CLSI M100,2A-1,,4,,,8,8,16,,,,,,,,"MIC as printed: S ≤4, I 8, R ≥16"
Enterobacterales,MNO,DISK,30 µg,,,CLSI M100,2A-1,,,,,,,,16,,,13,15,12,,"Zone as printed: S ≥16, I 13-15, R ≤12"
Enterobacterales,MNO,MIC,,,,CLSI M100,2A-1,,4,,,8,8,16,,,,,,,,"MIC as printed: S ≤4, I 8, R ≥16"
Enterobacterales,CIP,DISK,5 µg,,,CLSI M100,2A-1,,,,,,,,26,,,22,25,21,,"Zone as printed: S ≥26, I 22-25^, R ≤21"
Enterobacterales,CIP,MIC,,,,CLSI M100,2A-1,,0.25,,,0.5,0.5,1,,,,,,,,"MIC as printed: S ≤0.25, I 0.5^, R ≥1"
Enterobacterales,LVX,DISK,5 µg,,,CLSI M100,2A-1,,,,,,,,21,,,17,20,16,,"Zone as printed: S ≥21, I 17-20^, R ≤16"
Enterobacterales,LVX,MIC,,,,CLSI M100,2A-1,,0.5,,,1,1,2,,,,,,,,"MIC as printed: S ≤0.5, I 1^, R ≥2"
Enterobacterales,CIN,DISK,100 µg,uti,,CLSI M100,2A-1,,,,,,,,19,,,15,18,14,,"Zone as printed: S ≥19, I 15-18^, R ≤14"
Enterobacterales,CIN,MIC,,uti,,CLSI M100,2A-1,,16,,,32,32,64,,,,,,,,"MIC as printed: S ≤16, I 32^, R ≥64"
Enterobacterales,ENX,DISK,10 µg,uti,,CLSI M100,2A-1,,,,,,,,18,,,15,17,14,,"Zone as printed: S ≥18, I 15-17^, R ≤14"
Enterobacterales,ENX,MIC,,uti,,CLSI M100,2A-1,,2,,,4,4,8,,,,,,,,"MIC as printed: S ≤2, I 4^, R ≥8"
Enterobacterales,GAT,DISK,5 µg,,,CLSI M100,2A-1,,,,,,,,18,,,15,17,14,,"Zone as printed: S ≥18, I 15-17^, R ≤14"
Enterobacterales,GAT,MIC,,,,CLSI M100,2A-1,,2,,,4,4,8,,,,,,,,"MIC as printed: S ≤2, I 4^, R ≥8"
Enterobacterales,GEM,DISK,5 µg,,,CLSI M100,2A-1,,,,,,,,20,,,16,19,15,,"Zone as printed: S ≥20, I 16-19, R ≤15. (35) Report only on K. pneumoniae."
Enterobacterales,GEM,MIC,,,,CLSI M100,2A-1,,0.25,,,0.5,0.5,1,,,,,,,,"MIC as printed: S ≤0.25, I 0.5, R ≥1. (35) Report only on K. pneumoniae."
Enterobacterales,GRX,DISK,5 µg,,,CLSI M100,2A-1,,,,,,,,18,,,15,17,14,,"Zone as printed: S ≥18, I 15-17, R ≤14"
Enterobacterales,GRX,MIC,,,,CLSI M100,2A-1,,1,,,2,2,4,,,,,,,,"MIC as printed: S ≤1, I 2, R ≥4"
Enterobacterales,LOM,DISK,10 µg,,,CLSI M100,2A-1,,,,,,,,22,,,19,21,18,,"Zone as printed: S ≥22, I 19-21^, R ≤18"
Enterobacterales,LOM,MIC,,,,CLSI M100,2A-1,,2,,,4,4,8,,,,,,,,"MIC as printed: S ≤2, I 4^, R ≥8"
Enterobacterales,NAL,DISK,30 µg,uti,,CLSI M100,2A-1,,,,,,,,19,,,14,18,13,,"Zone as printed: S ≥19, I 14-18, R ≤13"
Enterobacterales,NAL,MIC,,uti,,CLSI M100,2A-1,,16,,,,,32,,,,,,,,"MIC as printed: S ≤16, R ≥32"
Enterobacterales,NOR,DISK,10 µg,uti,,CLSI M100,2A-1,,,,,,,,17,,,13,16,12,,"Zone as printed: S ≥17, I 13-16, R ≤12"
Enterobacterales,NOR,MIC,,uti,,CLSI M100,2A-1,,4,,,8,8,16,,,,,,,,"MIC as printed: S ≤4, I 8, R ≥16"
Enterobacterales,OFX,DISK,5 µg,,,CLSI M100,2A-1,,,,,,,,16,,,13,15,12,,"Zone as printed: S ≥16, I 13-15^, R ≤12"
Enterobacterales,OFX,MIC,,,,CLSI M100,2A-1,,2,,,4,4,8,,,,,,,,"MIC as printed: S ≤2, I 4^, R ≥8"
Enterobacterales,FLE,DISK,5 µg,,,CLSI M100,2A-1,,,,,,,,19,,,16,18,15,,"Zone as printed: S ≥19, I 16-18^, R ≤15"
Enterobacterales,FLE,MIC,,,,CLSI M100,2A-1,,2,,,4,4,8,,,,,,,,"MIC as printed: S ≤2, I 4^, R ≥8"
Enterobacterales,SXT,DISK,1.25/,,,CLSI M100,2A-1,,,,,,,,16,,,11,15,10,,"Zone as printed: S ≥16, I 11-15, R ≤10"
Enterobacterales,SMX,MIC,,,,CLSI M100,2A-1,,2,,,,,4,,,,,,,,"MIC as printed: S 2/38, R 4/76"
Enterobacterales,SSS,DISK,250 or,uti,,CLSI M100,2A-1,,,,,,,,17,,,13,16,12,,"Zone as printed: S ≥17, I 13-16, R ≤12"
Enterobacterales,SSS,MIC,,uti,,CLSI M100,2A-1,,256,,,,,512,,,,,,,,"MIC as printed: S ≤256, R ≥512"
Enterobacterales,TMP,DISK,5 µg,uti,,CLSI M100,2A-1,,,,,,,,16,,,11,15,10,,"Zone as printed: S ≥16, I 11-15, R ≤10"
Enterobacterales,TMP,MIC,,uti,,CLSI M100,2A-1,,8,,,,,16,,,,,,,,"MIC as printed: S ≤8, R ≥16"
Enterobacterales,CHL,DISK,30 µg,,,CLSI M100,2A-1,,,,,,,,18,,,13,17,12,,"Zone as printed: S ≥18, I 13-17, R ≤12. (36) Not routinely reported on isolates from the urinary tract."
Enterobacterales,CHL,MIC,,,,CLSI M100,2A-1,,8,,,16,16,32,,,,,,,,"MIC as printed: S ≤8, I 16, R ≥32. (36) Not routinely reported on isolates from the urinary tract."
Enterobacterales,FOS,DISK,200 µg,uti,,CLSI M100,2A-1,,,,,,,,16,,,13,15,12,,"Zone as printed: S ≥16, I 13-15, R ≤12. (37) Disk diffusion and MIC breakpoints apply only to E. coli urinary tract isolates and should not be extrapolated to other species Enterobacterales. (38) The 200-µg fosfomycin disk contains 50 µg glucose-6-phosphate. (39) The only approved MIC method for testing is agar dilution using agar media supplemented with 25 µg/mL of glucose-6- phosphate. Broth dilution MIC testing should not be performed."
Enterobacterales,FOS,MIC,,uti,,CLSI M100,2A-1,,64,,,128,128,256,,,,,,,,"MIC as printed: S ≤64, I 128, R ≥256. (37) Disk diffusion and MIC breakpoints apply only to E. coli urinary tract isolates and should not be extrapolated to other species Enterobacterales. (38) The 200-µg fosfomycin disk contains 50 µg glucose-6-phosphate. (39) The only approved MIC method for testing is agar dilution using agar media supplemented with 25 µg/mL of glucose-6- phosphate. Broth dilution MIC testing should not be performed."
Enterobacterales,NIT,DISK,300 µg,uti,,CLSI M100,2A-1,,,,,,,,17,,,15,16,14,,"Zone as printed: S ≥17, I 15-16, R ≤14. Abbreviations: AST, antimicrobial susceptibility testing; CAMHB, cation-adjusted Mueller-Hinton broth; CAT, colistin agar test; CBDE, colistin broth disk elution; ESBL, extended-spectrum β-lactamase; I, intermediate; Inv., investigational agent; IV, intravenous; MHA, Mueller-Hinton agar; MIC, minimal inhibitory concentration; PK/PD, pharmacokinetic/pharmacodynamic; QC, quality control; R, resistant; S, susceptible; SDD, susceptible-dose dependent; U, urine; UTI, urinary tract infection. Symbols: ^, designation for agents that have the potential to concentrate in the urine; *, designation for “Other” agents that are not included in Tables 1 but have established clinical breakpoints."
Enterobacterales,NIT,MIC,,uti,,CLSI M100,2A-1,,32,,,64,64,128,,,,,,,,"MIC as printed: S ≤32, I 64, R ≥128. Abbreviations: AST, antimicrobial susceptibility testing; CAMHB, cation-adjusted Mueller-Hinton broth; CAT, colistin agar test; CBDE, colistin broth disk elution; ESBL, extended-spectrum β-lactamase; I, intermediate; Inv., investigational agent; IV, intravenous; MHA, Mueller-Hinton agar; MIC, minimal inhibitory concentration; PK/PD, pharmacokinetic/pharmacodynamic; QC, quality control; R, resistant; S, susceptible; SDD, susceptible-dose dependent; U, urine; UTI, urinary tract infection. Symbols: ^, designation for agents that have the potential to concentrate in the urine; *, designation for “Other” agents that are not included in Tables 1 but have established clinical breakpoints."
Salmonella and Shigella spp.,AMP,DISK,10 µg,,,CLSI M100,2A-2,,,,,,,,17,,,14,16,13,,"Zone as printed: S ≥17, I 14-16^, R ≤13. (6) Results of ampicillin testing can be used to predict results for amoxicillin. (7) Breakpoints when oral ampicillin is used for therapy of salmonellosis or shigellosis. See general comment (3)."
Salmonella and Shigella spp.,AMP,MIC,,,,CLSI M100,2A-2,,8,,,16,16,32,,,,,,,,"MIC as printed: S ≤8, I 16^, R ≥32. (6) Results of ampicillin testing can be used to predict results for amoxicillin. (7) Breakpoints when oral ampicillin is used for therapy of salmonellosis or shigellosis. See general comment (3)."
Salmonella and Shigella spp.,CTX,DISK,30 µg,,,CLSI M100,2A-2,,,,,,,,26,,,23,25,22,,"Zone as printed: S ≥26, I 23-25^, R ≤22"
Salmonella and Shigella spp.,CTX,MIC,,,,CLSI M100,2A-2,,1,,,2,2,4,,,,,,,,"MIC as printed: S ≤1, I 2^, R ≥4"
Salmonella and Shigella spp.,CRO,DISK,30 µg,,,CLSI M100,2A-2,,,,,,,,23,,,20,22,19,,"Zone as printed: S ≥23, I 20-22^, R ≤19"
Salmonella and Shigella spp.,CRO,MIC,,,,CLSI M100,2A-2,,1,,,2,2,4,,,,,,,,"MIC as printed: S ≤1, I 2^, R ≥4"
Salmonella and Shigella spp.,ETP,DISK,10 µg,,,CLSI M100,2A-2,,,,,,,,22,,,19,21,18,,"Zone as printed: S ≥22, I 19-21^, R ≤18"
Salmonella and Shigella spp.,ETP,MIC,,,,CLSI M100,2A-2,,0.5,,,1,1,2,,,,,,,,"MIC as printed: S ≤0.5, I 1^, R ≥2"
Salmonella and Shigella spp.,IPM,DISK,10 µg,,,CLSI M100,2A-2,,,,,,,,23,,,20,22,19,,"Zone as printed: S ≥23, I 20-22^, R ≤19"
Salmonella and Shigella spp.,IPM,MIC,,,,CLSI M100,2A-2,,1,,,2,2,4,,,,,,,,"MIC as printed: S ≤1, I 2^, R ≥4"
Salmonella and Shigella spp.,MEM,DISK,10 µg,,,CLSI M100,2A-2,,,,,,,,23,,,20,22,19,,"Zone as printed: S ≥23, I 20-22^, R ≤19"
Salmonella and Shigella spp.,MEM,MIC,,,,CLSI M100,2A-2,,1,,,2,2,4,,,,,,,,"MIC as printed: S ≤1, I 2^, R ≥4"
Salmonella and Shigella spp.,AZM,DISK,15 µg,,,CLSI M100,2A-2,,,,,,,,13,,,,,12,,"Zone as printed: S ≥13, R ≤12. (10) S. enterica ser. Typhi only: breakpoints are based on MIC distribution data and limited clinical data."
Salmonella and Shigella spp.,AZM,MIC,,,,CLSI M100,2A-2,,16,,,,,32,,,,,,,,"MIC as printed: S ≤16, R ≥32. (10) S. enterica ser. Typhi only: breakpoints are based on MIC distribution data and limited clinical data."
Salmonella and Shigella spp.,TCY,DISK,30 µg,,,CLSI M100,2A-2,,,,,,,,15,,,12,14,11,,"Zone as printed: S ≥15, I 12-14, R ≤11"
Salmonella and Shigella spp.,TCY,MIC,,,,CLSI M100,2A-2,,4,,,8,8,16,,,,,,,,"MIC as printed: S ≤4, I 8, R ≥16"
Salmonella and Shigella spp.,DOX,DISK,30 µg,,,CLSI M100,2A-2,,,,,,,,14,,,11,13,10,,"Zone as printed: S ≥14, I 11-13, R ≤10"
Salmonella and Shigella spp.,DOX,MIC,,,,CLSI M100,2A-2,,4,,,8,8,16,,,,,,,,"MIC as printed: S ≤4, I 8, R ≥16"
Salmonella and Shigella spp.,MNO,DISK,30 µg,,,CLSI M100,2A-2,,,,,,,,16,,,13,15,12,,"Zone as printed: S ≥16, I 13-15, R ≤12. FLUOROQUINOLONES for Salmonella spp. (13) For testing and reporting of Salmonella spp. (including S. enterica ser. Typhi and S. enterica ser. Paratyphi A-C). Routine susceptibility testing is not indicated for nontyphoidal Salmonella spp. isolated from intestinal sources. (14) The preferred test for assessing fluoroquinolone susceptibility or resistance in Salmonella spp. is a ciprofloxacin MIC test. A levofloxacin or ofloxacin MIC test can be performed if either agent, respectively, is the fluoroquinolone of choice in a specific facility. If a ciprofloxacin, levofloxacin, or ofloxacin MIC or ciprofloxacin disk diffusion test cannot be done, pefloxacin disk diffusion may be used as a surrogate test to predict ciprofloxacin susceptibility. (15) No single test detects resistance resulting from all possible fluoroquinolone resistance mechanisms that have been identified in Salmonella spp."
Salmonella and Shigella spp.,MNO,MIC,,,,CLSI M100,2A-2,,4,,,8,8,16,,,,,,,,"MIC as printed: S ≤4, I 8, R ≥16. FLUOROQUINOLONES for Salmonella spp. (13) For testing and reporting of Salmonella spp. (including S. enterica ser. Typhi and S. enterica ser. Paratyphi A-C). Routine susceptibility testing is not indicated for nontyphoidal Salmonella spp. isolated from intestinal sources. (14) The preferred test for assessing fluoroquinolone susceptibility or resistance in Salmonella spp. is a ciprofloxacin MIC test. A levofloxacin or ofloxacin MIC test can be performed if either agent, respectively, is the fluoroquinolone of choice in a specific facility. If a ciprofloxacin, levofloxacin, or ofloxacin MIC or ciprofloxacin disk diffusion test cannot be done, pefloxacin disk diffusion may be used as a surrogate test to predict ciprofloxacin susceptibility. (15) No single test detects resistance resulting from all possible fluoroquinolone resistance mechanisms that have been identified in Salmonella spp."
Salmonella and Shigella spp.,PEF,DISK,5 µg,,,CLSI M100,2A-2,,,,,,,,24,,,,,23,,"Zone as printed: S ≥24, R ≤23. (17) Report results as ciprofloxacin susceptible or resistant (surrogate test for based on the pefloxacin result. Pefloxacin will not detect ciprofloxacin) resistance in Salmonella spp. due to aac(6')-Ib-cr. Pefloxacin disks are not available in the United States. See comment (15). FLUOROQUINOLONES for Shigella spp."
Salmonella and Shigella spp.,LVX,DISK,5 µg,,,CLSI M100,2A-2,,,,,,,,21,,,17,20,16,,"Zone as printed: S ≥21, I 17-20^, R ≤16"
Salmonella and Shigella spp.,OFX,DISK,5 µg,,,CLSI M100,2A-2,,,,,,,,16,,,13,15,12,,"Zone as printed: S ≥16, I 13-15^, R ≤12"
Salmonella and Shigella spp.,SXT,DISK,1.25/,,,CLSI M100,2A-2,,,,,,,,16,,,11,15,10,,"Zone as printed: S ≥16, I 11-15, R ≤10. See general comment (3)."
Salmonella and Shigella spp.,SXT,MIC,,,,CLSI M100,2A-2,,2,,,,,4,,,,,,,,"MIC as printed: S ≤2/38, R ≥4/76. See general comment (3)."
Salmonella and Shigella spp.,CHL,DISK,30 µg,,,CLSI M100,2A-2,,,,,,,,18,,,13,17,12,,"Zone as printed: S ≥18, I 13-17, R ≤12. (18) Not routinely reported on isolates from the urinary tract. Abbreviations: CAMHB, cation-adjusted Mueller-Hinton broth; I, intermediate; Inv., investigational agent; MHA, Mueller-Hinton agar; MIC, minimal inhibitory concentration; QC, quality control; R, resistant; S, susceptible; SDD, susceptible-dose dependent. Symbols: ^, designation for agents that have the potential to concentrate in the urine; *, designation for “Other” agents that are not included in Tables 1 but have established clinical breakpoints. References for Table 2A-2 1 CLSI. Performance Standards for Antimicrobial Disk Susceptibility Tests. 14th ed. CLSI standard M02. Clinical and Laboratory Standards Institute; 2024. 2 CLSI. M02 Disk Diffusion Reading Guide. 2nd ed. CLSI quick guide M02-Ed14-QG. Clinical and Laboratory Standards Institute; 2024. 3 Centers for Disease Control and Prevention. Typhoid fever and paratyphoid fever: data summary: emerging strain of Salmonella Typhi (REP JPP01). Accessed 10 October 2025. https://www.cdc.gov/typhoid-fever/php/rep-strain/index.html#:~:text=REPJPP01%20is%20an%20emerging%20 strain,not%20leave%20the%20United%20States"
Salmonella and Shigella spp.,CHL,MIC,,,,CLSI M100,2A-2,,8,,,16,16,32,,,,,,,,"MIC as printed: S ≤8, I 16, R ≥32. (18) Not routinely reported on isolates from the urinary tract. Abbreviations: CAMHB, cation-adjusted Mueller-Hinton broth; I, intermediate; Inv., investigational agent; MHA, Mueller-Hinton agar; MIC, minimal inhibitory concentration; QC, quality control; R, resistant; S, susceptible; SDD, susceptible-dose dependent. Symbols: ^, designation for agents that have the potential to concentrate in the urine; *, designation for “Other” agents that are not included in Tables 1 but have established clinical breakpoints. References for Table 2A-2 1 CLSI. Performance Standards for Antimicrobial Disk Susceptibility Tests. 14th ed. CLSI standard M02. Clinical and Laboratory Standards Institute; 2024. 2 CLSI. M02 Disk Diffusion Reading Guide. 2nd ed. CLSI quick guide M02-Ed14-QG. Clinical and Laboratory Standards Institute; 2024. 3 Centers for Disease Control and Prevention. Typhoid fever and paratyphoid fever: data summary: emerging strain of Salmonella Typhi (REP JPP01). Accessed 10 October 2025. https://www.cdc.gov/typhoid-fever/php/rep-strain/index.html#:~:text=REPJPP01%20is%20an%20emerging%20 strain,not%20leave%20the%20United%20States"
Pseudomonas aeruginosa,PIP,DISK,100 µg,,,CLSI M100,2B-1,,,,,,,,22,,,18,21,17,,"Zone as printed: S ≥22, I 18-21^, R ≤17"
Pseudomonas aeruginosa,PIP,MIC,,,,CLSI M100,2B-1,,16,,,32,32,64,,,,,,,,"MIC as printed: S ≤16, I 32^, R ≥64"
Pseudomonas aeruginosa,TZP,DISK,100/10 µg,,,CLSI M100,2B-1,,,,,,,,22,,,18,21,17,,"Zone as printed: S ≥22, I 18-21, R ≤17. (8) Breakpoints for intermediate are only to provide a buffer zone to prevent small uncontrolled technical factors from causing major discrepancies in interpretation."
Pseudomonas aeruginosa,TZP,MIC,,,,CLSI M100,2B-1,,16,,,32,32,64,,,,,,,,"MIC as printed: S ≤16/4, I 32/4, R ≥64/4. (8) Breakpoints for intermediate are only to provide a buffer zone to prevent small uncontrolled technical factors from causing major discrepancies in interpretation."
Pseudomonas aeruginosa,CZA,DISK,30/20 µg,,,CLSI M100,2B-1,,,,,,,,21,,,,,20,,"Zone as printed: S ≥21, R ≤20"
Pseudomonas aeruginosa,CZA,MIC,,,,CLSI M100,2B-1,,8,,,,,16,,,,,,,,"MIC as printed: S ≤8/4, R ≥16/4"
Pseudomonas aeruginosa,CZT,DISK,30/10 µg,,,CLSI M100,2B-1,,,,,,,,21,,,17,20,16,,"Zone as printed: S ≥21, I 17-20^, R ≤16"
Pseudomonas aeruginosa,CZT,MIC,,,,CLSI M100,2B-1,,4,,,8,8,16,,,,,,,,"MIC as printed: S ≤4/4, I 8/4^, R ≥16/4"
Pseudomonas aeruginosa,IMR,DISK,10/25 µg,,,CLSI M100,2B-1,,,,,,,,23,,,20,22,19,,"Zone as printed: S ≥23, I 20-22^, R ≤19"
Pseudomonas aeruginosa,IMR,MIC,,,,CLSI M100,2B-1,,2,,,4,4,8,,,,,,,,"MIC as printed: S ≤2/4, I 4/4^, R ≥8/4"
Pseudomonas aeruginosa,TCC,DISK,75/10 µg,,,CLSI M100,2B-1,,,,,,,,24,,,16,23,15,,"Zone as printed: S ≥24, I 16-23^, R ≤15"
Pseudomonas aeruginosa,TCC,MIC,,,,CLSI M100,2B-1,,16,,,32,32,128,,,,,,,,"MIC as printed: S ≤16/2, I 32/2-, R ≥128/2"
Pseudomonas aeruginosa,CAZ,DISK,30 µg,,,CLSI M100,2B-1,,,,,,,,18,,,15,17,14,,"Zone as printed: S ≥18, I 15-17^, R ≤14"
Pseudomonas aeruginosa,CAZ,MIC,,,,CLSI M100,2B-1,,8,,,16,16,32,,,,,,,,"MIC as printed: S ≤8, I 16^, R ≥32"
Pseudomonas aeruginosa,FEP,DISK,30 µg,,,CLSI M100,2B-1,,,,,,,,18,,,15,17,14,,"Zone as printed: S ≥18, I 15-17^, R ≤14"
Pseudomonas aeruginosa,FEP,MIC,,,,CLSI M100,2B-1,,8,,,16,16,32,,,,,,,,"MIC as printed: S ≤8, I 16^, R ≥32"
Pseudomonas aeruginosa,FDC,DISK,30 µg,,,CLSI M100,2B-1,,,,,,,,18,,,13,17,12,,"Zone as printed: S ≥18, I 13-17^, R ≤12. (9) The accuracy and reproducibility of cefiderocol testing results by disk diffusion and broth microdilution are markedly affected by iron concentration and inoculum preparation and may vary by disk and media manufacturer. Depending on the type of variance observed, false-resistant or false-susceptible results may occur. Testing subsequent isolates is encouraged. Discussion with prescribers and antimicrobial stewardship members regarding the potential for inaccuracies is recommended."
Pseudomonas aeruginosa,FDC,MIC,,,,CLSI M100,2B-1,,4,,,8,8,16,,,,,,,,"MIC as printed: S ≤4, I 8^, R ≥16. (9) The accuracy and reproducibility of cefiderocol testing results by disk diffusion and broth microdilution are markedly affected by iron concentration and inoculum preparation and may vary by disk and media manufacturer. Depending on the type of variance observed, false-resistant or false-susceptible results may occur. Testing subsequent isolates is encouraged. Discussion with prescribers and antimicrobial stewardship members regarding the potential for inaccuracies is recommended."
Pseudomonas aeruginosa,ATM,DISK,30 µg,,,CLSI M100,2B-1,,,,,,,,22,,,16,21,15,,"Zone as printed: S ≥22, I 16-21^, R ≤15"
Pseudomonas aeruginosa,ATM,MIC,,,,CLSI M100,2B-1,,8,,,16,16,32,,,,,,,,"MIC as printed: S ≤8, I 16^, R ≥32"
Pseudomonas aeruginosa,DOR,DISK,10 µg,,,CLSI M100,2B-1,,,,,,,,19,,,16,18,15,,"Zone as printed: S ≥19, I 16-18^, R ≤15"
Pseudomonas aeruginosa,DOR,MIC,,,,CLSI M100,2B-1,,2,,,4,4,8,,,,,,,,"MIC as printed: S ≤2, I 4^, R ≥8"
Pseudomonas aeruginosa,IPM,DISK,10 µg,,,CLSI M100,2B-1,,,,,,,,19,,,16,18,15,,"Zone as printed: S ≥19, I 16-18^, R ≤15"
Pseudomonas aeruginosa,IPM,MIC,,,,CLSI M100,2B-1,,2,,,4,4,8,,,,,,,,"MIC as printed: S ≤2, I 4^, R ≥8"
Pseudomonas aeruginosa,MEM,DISK,10 µg,,,CLSI M100,2B-1,,,,,,,,19,,,16,18,15,,"Zone as printed: S ≥19, I 16-18^, R ≤15"
Pseudomonas aeruginosa,MEM,MIC,,,,CLSI M100,2B-1,,2,,,4,4,8,,,,,,,,"MIC as printed: S ≤2, I 4^, R ≥8"
Pseudomonas aeruginosa,TOB,DISK,10 µg,,,CLSI M100,2B-1,,,,,,,,19,,,13,18,12,,"Zone as printed: S ≥19, I 13-18^, R ≤12. (16) Tobramycin does not predict susceptibility to gentamicin."
Pseudomonas aeruginosa,TOB,MIC,,,,CLSI M100,2B-1,,1,,,2,2,4,,,,,,,,"MIC as printed: S ≤1, I 2^, R ≥4. (16) Tobramycin does not predict susceptibility to gentamicin."
Pseudomonas aeruginosa,AMK,DISK,30 µg,uti,,CLSI M100,2B-1,,,,,,,,17,,,15,16,14,,"Zone as printed: S ≥17, I 15-16^, R ≤14"
Pseudomonas aeruginosa,AMK,MIC,,uti,,CLSI M100,2B-1,,16,,,32,32,64,,,,,,,,"MIC as printed: S ≤16, I 32^, R ≥64"
Pseudomonas aeruginosa,NET,DISK,30 µg,,,CLSI M100,2B-1,,,,,,,,15,,,13,14,12,,"Zone as printed: S ≥15, I 13-14^, R ≤12"
Pseudomonas aeruginosa,NET,MIC,,,,CLSI M100,2B-1,,8,,,16,16,32,,,,,,,,"MIC as printed: S ≤8, I 16^, R ≥32"
Pseudomonas aeruginosa,CIP,DISK,5 µg,,,CLSI M100,2B-1,,,,,,,,25,,,19,24,18,,"Zone as printed: S ≥25, I 19-24^, R ≤18"
Pseudomonas aeruginosa,CIP,MIC,,,,CLSI M100,2B-1,,0.5,,,1,1,2,,,,,,,,"MIC as printed: S ≤0.5, I 1^, R ≥2"
Pseudomonas aeruginosa,LVX,DISK,5 µg,,,CLSI M100,2B-1,,,,,,,,22,,,15,21,14,,"Zone as printed: S ≥22, I 15-21^, R ≤14"
Pseudomonas aeruginosa,LVX,MIC,,,,CLSI M100,2B-1,,1,,,2,2,4,,,,,,,,"MIC as printed: S ≤1, I 2^, R ≥4"
Pseudomonas aeruginosa,LOM,DISK,10 µg,uti,,CLSI M100,2B-1,,,,,,,,22,,,19,21,18,,"Zone as printed: S ≥22, I 19-21^, R ≤18"
Pseudomonas aeruginosa,LOM,MIC,,uti,,CLSI M100,2B-1,,2,,,4,4,8,,,,,,,,"MIC as printed: S ≤2, I 4^, R ≥8"
Pseudomonas aeruginosa,NOR,DISK,10 µg,uti,,CLSI M100,2B-1,,,,,,,,17,,,13,16,12,,"Zone as printed: S ≥17, I 13-16, R ≤12"
Pseudomonas aeruginosa,NOR,MIC,,uti,,CLSI M100,2B-1,,4,,,8,8,16,,,,,,,,"MIC as printed: S ≤4, I 8, R ≥16"
Pseudomonas aeruginosa,OFX,DISK,5 µg,,,CLSI M100,2B-1,,,,,,,,16,,,13,15,12,,"Zone as printed: S ≥16, I 13-15^, R ≤12"
Pseudomonas aeruginosa,OFX,MIC,,,,CLSI M100,2B-1,,2,,,4,4,8,,,,,,,,"MIC as printed: S ≤2, I 4^, R ≥8"
Pseudomonas aeruginosa,GAT,DISK,5 µg,,,CLSI M100,2B-1,,,,,,,,18,,,15,17,14,,"Zone as printed: S ≥18, I 15-17^, R ≤14. Abbreviations: CAMHB, cation-adjusted Mueller-Hinton broth; CAT, colistin agar test; CBDE, colistin broth disk elution; I, intermediate; MHA, Mueller-Hinton agar; MIC, minimal inhibitory concentration; PK/PD, pharmacokinetic/pharmacodynamic; QC, quality control; R, resistant; S, susceptible; U, urine; UTI, urinary tract infection. Symbols: ^, designation for agents that have the potential to concentrate in the urine; *, designation for “Other” agents that are not included in Tables 1 but have established clinical breakpoints. Footnote a. Report only on organisms isolated from the urinary tract. References for Table 2B-1 1 Hackel MA, Tsuji M, Yamano Y, Echols R, Karlowsky JA, Sahm DF. Reproducibility of broth microdilution MICs for the novel siderophore cephalosporin, cefiderocol, determined using iron-depleted cation-adjusted Mueller-Hinton broth. Diagn Microbiol Infect Dis. 2019;94(4):321-325. doi:10.1016/j. diagmicrobio.2019.03.003 2 CLSI. Performance Standards for Antimicrobial Disk Susceptibility Tests. 14th ed. CLSI standard M02. Clinical and Laboratory Standards Institute; 2024. 3 CLSI. M02 Disk Diffusion Reading Guide. 2nd ed. CLSI quick guide M02-Ed14-QG. Clinical and Laboratory Standards Institute; 2024. 4 Tsuji BT, Pogue JM, Zavascki AP, et al. International consensus guidelines for the optimal use of the polymyxins: endorsed by the American College of Clinical Pharmacy (ACCP), European Society of Clinical Microbiology and Infectious Diseases (ESCMID), Infectious Diseases Society of America (IDSA), International Society for Anti-Infective Pharmacology (ISAP), Society of Critical Care Medicine (SCCM), and Society of Infectious Diseases Pharmacists (SIDP). Pharmacotherapy. 2019;39(1):10-39. doi:10.1002/phar.2209"
Pseudomonas aeruginosa,GAT,MIC,,,,CLSI M100,2B-1,,2,,,4,4,8,,,,,,,,"MIC as printed: S ≤2, I 4^, R ≥8. Abbreviations: CAMHB, cation-adjusted Mueller-Hinton broth; CAT, colistin agar test; CBDE, colistin broth disk elution; I, intermediate; MHA, Mueller-Hinton agar; MIC, minimal inhibitory concentration; PK/PD, pharmacokinetic/pharmacodynamic; QC, quality control; R, resistant; S, susceptible; U, urine; UTI, urinary tract infection. Symbols: ^, designation for agents that have the potential to concentrate in the urine; *, designation for “Other” agents that are not included in Tables 1 but have established clinical breakpoints. Footnote a. Report only on organisms isolated from the urinary tract. References for Table 2B-1 1 Hackel MA, Tsuji M, Yamano Y, Echols R, Karlowsky JA, Sahm DF. Reproducibility of broth microdilution MICs for the novel siderophore cephalosporin, cefiderocol, determined using iron-depleted cation-adjusted Mueller-Hinton broth. Diagn Microbiol Infect Dis. 2019;94(4):321-325. doi:10.1016/j. diagmicrobio.2019.03.003 2 CLSI. Performance Standards for Antimicrobial Disk Susceptibility Tests. 14th ed. CLSI standard M02. Clinical and Laboratory Standards Institute; 2024. 3 CLSI. M02 Disk Diffusion Reading Guide. 2nd ed. CLSI quick guide M02-Ed14-QG. Clinical and Laboratory Standards Institute; 2024. 4 Tsuji BT, Pogue JM, Zavascki AP, et al. International consensus guidelines for the optimal use of the polymyxins: endorsed by the American College of Clinical Pharmacy (ACCP), European Society of Clinical Microbiology and Infectious Diseases (ESCMID), Infectious Diseases Society of America (IDSA), International Society for Anti-Infective Pharmacology (ISAP), Society of Critical Care Medicine (SCCM), and Society of Infectious Diseases Pharmacists (SIDP). Pharmacotherapy. 2019;39(1):10-39. doi:10.1002/phar.2209"
Acinetobacter spp.,PIP,DISK,100 µg,,,CLSI M100,2B-2,,,,,,,,21,,,18,20,17,,"Zone as printed: S ≥21, I 18-20, R ≤17"
Acinetobacter spp.,PIP,MIC,,,,CLSI M100,2B-2,,16,,,32,64,128,,,,,,,,"MIC as printed: S ≤16, I 32-64, R ≥128"
Acinetobacter spp.,SAM,DISK,10/10 µg,,,CLSI M100,2B-2,,,,,,,,22,,,17,21,16,,"Zone as printed: S ≥22, I 17-21, R ≤16"
Acinetobacter spp.,SAM,MIC,,,,CLSI M100,2B-2,,8,,,16,16,32,,,,,,,,"MIC as printed: S ≤8/4, I 16/8, R ≥32/16"
Acinetobacter spp.,TZP,DISK,100/10 µg,,,CLSI M100,2B-2,,,,,,,,21,,,18,20,17,,"Zone as printed: S ≥21, I 18-20, R ≤17"
Acinetobacter spp.,TZP,MIC,,,,CLSI M100,2B-2,,16,,,32,64,128,,,,,,,,"MIC as printed: S ≤16/4, I 32/4-64/4, R ≥128/4"
Acinetobacter spp.,SUD,DISK,10/10 µg,,,CLSI M100,2B-2,,,,,,,,17,,,14,16,13,,"Zone as printed: S ≥17, I 14-16, R ≤13"
Acinetobacter spp.,SUD,MIC,,,,CLSI M100,2B-2,,4,,,8,8,16,,,,,,,,"MIC as printed: S ≤4/4, I 8/4, R ≥16/4"
Acinetobacter spp.,TCC,DISK,75/10 µg,,,CLSI M100,2B-2,,,,,,,,20,,,15,19,14,,"Zone as printed: S ≥20, I 15-19, R ≤14"
Acinetobacter spp.,TCC,MIC,,,,CLSI M100,2B-2,,16,,,32,64,128,,,,,,,,"MIC as printed: S ≤16/2, I 32/2-64/2, R ≥128/2"
Acinetobacter spp.,CAZ,DISK,30 µg,,,CLSI M100,2B-2,,,,,,,,18,,,15,17,14,,"Zone as printed: S ≥18, I 15-17, R ≤14"
Acinetobacter spp.,CAZ,MIC,,,,CLSI M100,2B-2,,8,,,16,16,32,,,,,,,,"MIC as printed: S ≤8, I 16, R ≥32"
Acinetobacter spp.,FEP,DISK,30 µg,,,CLSI M100,2B-2,,,,,,,,18,,,15,17,14,,"Zone as printed: S ≥18, I 15-17, R ≤14"
Acinetobacter spp.,FEP,MIC,,,,CLSI M100,2B-2,,8,,,16,16,32,,,,,,,,"MIC as printed: S ≤8, I 16, R ≥32"
Acinetobacter spp.,CTX,DISK,30 µg,,,CLSI M100,2B-2,,,,,,,,23,,,15,22,14,,"Zone as printed: S ≥23, I 15-22, R ≤14"
Acinetobacter spp.,CTX,MIC,,,,CLSI M100,2B-2,,8,,,16,32,64,,,,,,,,"MIC as printed: S ≤8, I 16-32, R ≥64"
Acinetobacter spp.,CRO,DISK,30 µg,,,CLSI M100,2B-2,,,,,,,,21,,,14,20,13,,"Zone as printed: S ≥21, I 14-20, R ≤13"
Acinetobacter spp.,CRO,MIC,,,,CLSI M100,2B-2,,8,,,16,32,64,,,,,,,,"MIC as printed: S ≤8, I 16-32, R ≥64"
Acinetobacter spp.,FDC,DISK,30 µg,,,CLSI M100,2B-2,,,,,,,,15,,,,,,,Zone as printed: S ≥15. (5) Disk diffusion zone diameters ≤14 mm should not be interpreted or reported because zone diameters
Acinetobacter spp.,FDC,MIC,,,,CLSI M100,2B-2,,4,,,8,8,16,,,,,,,,"MIC as printed: S ≤4, I 8, R ≥16. (5) Disk diffusion zone diameters ≤14 mm should not be interpreted or reported because zone diameters"
Acinetobacter spp.,DOR,DISK,10 µg,,,CLSI M100,2B-2,,,,,,,,18,,,15,17,14,,"Zone as printed: S ≥18, I 15-17, R ≤14"
Acinetobacter spp.,DOR,MIC,,,,CLSI M100,2B-2,,2,,,4,4,8,,,,,,,,"MIC as printed: S ≤2, I 4, R ≥8"
Acinetobacter spp.,IPM,DISK,10 µg,,,CLSI M100,2B-2,,,,,,,,22,,,19,21,18,,"Zone as printed: S ≥22, I 19-21, R ≤18"
Acinetobacter spp.,IPM,MIC,,,,CLSI M100,2B-2,,2,,,4,4,8,,,,,,,,"MIC as printed: S ≤2, I 4, R ≥8"
Acinetobacter spp.,MEM,DISK,10 µg,,,CLSI M100,2B-2,,,,,,,,18,,,15,17,14,,"Zone as printed: S ≥18, I 15-17, R ≤14"
Acinetobacter spp.,MEM,MIC,,,,CLSI M100,2B-2,,2,,,4,4,8,,,,,,,,"MIC as printed: S ≤2, I 4, R ≥8"
Acinetobacter spp.,GEN,DISK,10 µg,,,CLSI M100,2B-2,,,,,,,,19,,,14,18,13,,"Zone as printed: S ≥19, I 14-18, R ≤13"
Acinetobacter spp.,GEN,MIC,,,,CLSI M100,2B-2,,2,,,4,4,8,,,,,,,,"MIC as printed: S ≤2, I 4, R ≥8"
Acinetobacter spp.,TOB,DISK,10 µg,,,CLSI M100,2B-2,,,,,,,,17,,,13,16,12,,"Zone as printed: S ≥17, I 13-16, R ≤12"
Acinetobacter spp.,TOB,MIC,,,,CLSI M100,2B-2,,2,,,4,4,8,,,,,,,,"MIC as printed: S ≤2, I 4, R ≥8"
Acinetobacter spp.,AMK,DISK,30 µg,,,CLSI M100,2B-2,,,,,,,,20,,,17,19,16,,"Zone as printed: S ≥20, I 17-19, R ≤16"
Acinetobacter spp.,AMK,MIC,,,,CLSI M100,2B-2,,8,,,16,16,32,,,,,,,,"MIC as printed: S ≤8, I 16, R ≥32"
Acinetobacter spp.,NET,MIC,,,,CLSI M100,2B-2,,8,,,16,16,32,,,,,,,,"MIC as printed: S ≤8, I 16, R ≥32"
Acinetobacter spp.,MNO,DISK,30 µg,,,CLSI M100,2B-2,,,,,,,,22,,,18,21,17,,"Zone as printed: S ≥22, I 18-21, R ≤17. (14) If needed for treatment, confirmatory MIC testing is indicated for isolates with zones of 18-21 mm to avoid reporting false-intermediate results."
Acinetobacter spp.,MNO,MIC,,,,CLSI M100,2B-2,,1,,,2,2,4,,,,,,,,"MIC as printed: S ≤1, I 2, R ≥4. (14) If needed for treatment, confirmatory MIC testing is indicated for isolates with zones of 18-21 mm to avoid reporting false-intermediate results."
Acinetobacter spp.,CIP,DISK,5 µg,,,CLSI M100,2B-2,,,,,,,,21,,,16,20,15,,"Zone as printed: S ≥21, I 16-20, R ≤15"
Acinetobacter spp.,CIP,MIC,,,,CLSI M100,2B-2,,1,,,2,2,4,,,,,,,,"MIC as printed: S ≤1, I 2, R ≥4"
Acinetobacter spp.,LVX,DISK,5 µg,,,CLSI M100,2B-2,,,,,,,,17,,,14,16,13,,"Zone as printed: S ≥17, I 14-16, R ≤13"
Acinetobacter spp.,LVX,MIC,,,,CLSI M100,2B-2,,2,,,4,4,8,,,,,,,,"MIC as printed: S ≤2, I 4, R ≥8"
Acinetobacter spp.,GAT,DISK,5 µg,,,CLSI M100,2B-2,,,,,,,,18,,,15,17,14,,"Zone as printed: S ≥18, I 15-17, R ≤14"
Acinetobacter spp.,GAT,MIC,,,,CLSI M100,2B-2,,2,,,4,4,8,,,,,,,,"MIC as printed: S ≤2, I 4, R ≥8"
Acinetobacter spp.,SXT,DISK,1.25/23.75 µg,,,CLSI M100,2B-2,,,,,,,,16,,,11,15,10,,"Zone as printed: S ≥16, I 11-15, R ≤10. sulfamethoxazole Abbreviations: CAMHB, cation-adjusted Mueller-Hinton broth; CAT, colistin agar test; CBDE, colistin broth elution test; I, intermediate; MHA, Mueller-Hinton agar; MIC, minimal inhibitory concentration; PK/PD, pharmacokinetic/pharmacodynamic; QC, quality control; R, resistant; S, susceptible."
Acinetobacter spp.,SXT,MIC,,,,CLSI M100,2B-2,,2,,,,,4,,,,,,,,"MIC as printed: S ≤2/38, R ≥4/76. sulfamethoxazole Abbreviations: CAMHB, cation-adjusted Mueller-Hinton broth; CAT, colistin agar test; CBDE, colistin broth elution test; I, intermediate; MHA, Mueller-Hinton agar; MIC, minimal inhibitory concentration; PK/PD, pharmacokinetic/pharmacodynamic; QC, quality control; R, resistant; S, susceptible."
Stenotrophomonas maltophilia,TCC,MIC,,,,CLSI M100,2B-4,,16,,,32,32,128,,,,,,,,"MIC as printed: S ≤16/2, I 32/2-, R ≥128/2"
Stenotrophomonas maltophilia,FDC,DISK,30 µg,,,CLSI M100,2B-4,,,,,,,,17,,,,,,,"Zone as printed: S ≥17. (3) Breakpoints are based on PK/PD properties, MIC distributions, and limited clinical data. (4) The accuracy and reproducibility of cefiderocol testing results by disk diffusion and broth microdilution are markedly affected by iron concentration and inoculum preparation and may vary by disk and media manufacturer. Depending on the type of variance observed, false-resistant or false-susceptible results may occur. Testing subsequent isolates is encouraged. Discussion with prescribers and antimicrobial stewardship members regarding the potential for inaccuracies is recommended."
Stenotrophomonas maltophilia,FDC,MIC,,,,CLSI M100,2B-4,,1,,,,,,,,,,,,,"MIC as printed: S ≤1. (3) Breakpoints are based on PK/PD properties, MIC distributions, and limited clinical data. (4) The accuracy and reproducibility of cefiderocol testing results by disk diffusion and broth microdilution are markedly affected by iron concentration and inoculum preparation and may vary by disk and media manufacturer. Depending on the type of variance observed, false-resistant or false-susceptible results may occur. Testing subsequent isolates is encouraged. Discussion with prescribers and antimicrobial stewardship members regarding the potential for inaccuracies is recommended."
Stenotrophomonas maltophilia,MNO,DISK,30 µg,,,CLSI M100,2B-4,,,,,,,,26,,,21,25,20,,"Zone as printed: S ≥26, I 21-25, R ≤20"
Stenotrophomonas maltophilia,MNO,MIC,,,,CLSI M100,2B-4,,1,,,2,2,4,,,,,,,,"MIC as printed: S ≤1, I 2, R ≥4"
Stenotrophomonas maltophilia,LVX,DISK,5 µg,,,CLSI M100,2B-4,,,,,,,,17,,,14,16,13,,"Zone as printed: S ≥17, I 14-16, R ≤13. (5) Rx: Levofloxacin should not be used alone for antimicrobial therapy."
Stenotrophomonas maltophilia,LVX,MIC,,,,CLSI M100,2B-4,,2,,,4,4,8,,,,,,,,"MIC as printed: S ≤2, I 4, R ≥8. (5) Rx: Levofloxacin should not be used alone for antimicrobial therapy."
Stenotrophomonas maltophilia,SXT,DISK,1.25/,,,CLSI M100,2B-4,,,,,,,,16,,,11,15,10,,"Zone as printed: S ≥16, I 11-15, R ≤10. (6) Rx: Trimethoprim-sulfamethoxazole should not be"
Stenotrophomonas maltophilia,SXT,MIC,,,,CLSI M100,2B-4,,2,,,,,4,,,,,,,,"MIC as printed: S ≤2/38, R ≥4/76. (6) Rx: Trimethoprim-sulfamethoxazole should not be"
Stenotrophomonas maltophilia,CHL,MIC,,,,CLSI M100,2B-4,,8,,,16,16,32,,,,,,,,"MIC as printed: S ≤8, I 16, R ≥32. (7) Not routinely reported on organisms isolated from the urinary tract. Abbreviations: CAMHB, cation-adjusted Mueller-Hinton broth; I, intermediate; MHA, Mueller-Hinton agar; MIC, minimal inhibitory concentration; PK/PD, pharmacokinetic/pharmacodynamic; QC, quality control; R, resistant; S, susceptible."
Other Non-Enterobacterales,PIP,MIC,,,,CLSI M100,2B-5,,16,,,32,64,128,,,,,,,,"MIC as printed: S ≤16, I 32-64, R ≥128"
Other Non-Enterobacterales,TZP,MIC,,,,CLSI M100,2B-5,,16,,,32,64,128,,,,,,,,"MIC as printed: S ≤16/4, I 32/4-64/4, R ≥128/4"
Other Non-Enterobacterales,TCC,MIC,,,,CLSI M100,2B-5,,16,,,32,64,128,,,,,,,,"MIC as printed: S ≤16/2, I 32/2-64/2, R ≥128/2"
Other Non-Enterobacterales,CAZ,MIC,,,,CLSI M100,2B-5,,8,,,16,16,32,,,,,,,,"MIC as printed: S ≤8, I 16, R ≥32"
Other Non-Enterobacterales,FEP,MIC,,,,CLSI M100,2B-5,,8,,,16,16,32,,,,,,,,"MIC as printed: S ≤8, I 16, R ≥32"
Other Non-Enterobacterales,CTX,MIC,,,,CLSI M100,2B-5,,8,,,16,32,64,,,,,,,,"MIC as printed: S ≤8, I 16-32, R ≥64"
Other Non-Enterobacterales,CRO,MIC,,,,CLSI M100,2B-5,,8,,,16,32,64,,,,,,,,"MIC as printed: S ≤8, I 16-32, R ≥64"
Other Non-Enterobacterales,CFP,MIC,,,,CLSI M100,2B-5,,16,,,32,32,64,,,,,,,,"MIC as printed: S ≤16, I 32, R ≥64"
Other Non-Enterobacterales,CZX,MIC,,,,CLSI M100,2B-5,,8,,,16,32,64,,,,,,,,"MIC as printed: S ≤8, I 16-32, R ≥64"
Other Non-Enterobacterales,MOX,MIC,,,,CLSI M100,2B-5,,8,,,16,32,64,,,,,,,,"MIC as printed: S ≤8, I 16-32, R ≥64"
Other Non-Enterobacterales,ATM,MIC,,,,CLSI M100,2B-5,,8,,,16,16,32,,,,,,,,"MIC as printed: S ≤8, I 16, R ≥32"
Other Non-Enterobacterales,IPM,MIC,,,,CLSI M100,2B-5,,4,,,8,8,16,,,,,,,,"MIC as printed: S ≤4, I 8, R ≥16"
Other Non-Enterobacterales,MEM,MIC,,,,CLSI M100,2B-5,,4,,,8,8,16,,,,,,,,"MIC as printed: S ≤4, I 8, R ≥16"
Other Non-Enterobacterales,GEN,MIC,,,,CLSI M100,2B-5,,4,,,8,8,16,,,,,,,,"MIC as printed: S ≤4, I 8, R ≥16"
Other Non-Enterobacterales,TOB,MIC,,,,CLSI M100,2B-5,,4,,,8,8,16,,,,,,,,"MIC as printed: S ≤4, I 8, R ≥16"
Other Non-Enterobacterales,AMK,MIC,,,,CLSI M100,2B-5,,16,,,32,32,64,,,,,,,,"MIC as printed: S ≤16, I 32, R ≥64"
Other Non-Enterobacterales,NET,MIC,,,,CLSI M100,2B-5,,8,,,16,16,32,,,,,,,,"MIC as printed: S ≤8, I 16, R ≥32"
Other Non-Enterobacterales,TCY,MIC,,uti,,CLSI M100,2B-5,,4,,,8,8,16,,,,,,,,"MIC as printed: S ≤4, I 8, R ≥16"
Other Non-Enterobacterales,DOX,MIC,,,,CLSI M100,2B-5,,4,,,8,8,16,,,,,,,,"MIC as printed: S ≤4, I 8, R ≥16"
Other Non-Enterobacterales,MNO,MIC,,,,CLSI M100,2B-5,,4,,,8,8,16,,,,,,,,"MIC as printed: S ≤4, I 8, R ≥16"
Other Non-Enterobacterales,CIP,MIC,,,,CLSI M100,2B-5,,1,,,2,2,4,,,,,,,,"MIC as printed: S ≤1, I 2, R ≥4"
Other Non-Enterobacterales,LVX,MIC,,,,CLSI M100,2B-5,,2,,,4,4,8,,,,,,,,"MIC as printed: S ≤2, I 4, R ≥8"
Other Non-Enterobacterales,GAT,MIC,,,,CLSI M100,2B-5,,2,,,4,4,8,,,,,,,,"MIC as printed: S ≤2, I 4, R ≥8"
Other Non-Enterobacterales,LOM,MIC,,,,CLSI M100,2B-5,,2,,,4,4,8,,,,,,,,"MIC as printed: S ≤2, I 4, R ≥8"
Other Non-Enterobacterales,NOR,MIC,,uti,,CLSI M100,2B-5,,4,,,8,8,16,,,,,,,,"MIC as printed: S ≤4, I 8, R ≥16"
Other Non-Enterobacterales,OFX,MIC,,,,CLSI M100,2B-5,,2,,,4,4,8,,,,,,,,"MIC as printed: S ≤2, I 4, R ≥8"
Other Non-Enterobacterales,SXT,MIC,,,,CLSI M100,2B-5,,2,,,,,4,,,,,,,,"MIC as printed: S ≤2/38, R ≥4/76. sulfamethoxazole"
Other Non-Enterobacterales,SSS,MIC,,uti,,CLSI M100,2B-5,,256,,,,,512,,,,,,,,"MIC as printed: S ≤256, R ≥512"
Other Non-Enterobacterales,CHL,MIC,,,,CLSI M100,2B-5,,8,,,16,16,32,,,,,,,,"MIC as printed: S ≤8, I 16, R ≥32. (6) Not routinely reported on organisms isolated from the urinary tract. Abbreviations: CAMHB, cation-adjusted Mueller-Hinton broth; I, intermediate; MHA, Mueller-Hinton agar; MIC, minimal inhibitory concentration; QC, quality control; R, resistant; S, susceptible; U, urine."
Staphylococcus spp.,PEN,DISK,10 units,,,CLSI M100,2C,,,,,,,,29,,,,,28,,"Zone as printed: S ≥29, R ≤28. (10) For MRS, report penicillin as resistant or do not report."
Staphylococcus spp.,PEN,MIC,,,,CLSI M100,2C,,0.12,,,,,0.25,,,,,,,,"MIC as printed: S ≤0.12, R ≥0.25. (10) For MRS, report penicillin as resistant or do not report."
Staphylococcus spp.,OXA,DISK,1 µg,,,CLSI M100,2C,,,,,,,,18,,,,,17,,"Zone as printed: S ≥18, R ≤17. See general comment (6) and oxacillin (oxacillin) (oxacillin) (oxacillin) (oxacillin) comments (8), (11), and (12)."
Staphylococcus spp.,OXA,MIC,,,,CLSI M100,2C,,0.5,,,,,1,,,,,,,,"MIC as printed: S ≤0.5, R ≥1. See general comment (6) and oxacillin (oxacillin) (oxacillin) (oxacillin) (oxacillin) comments (8), (11), and (12)."
Staphylococcus spp.,CPT,DISK,30 µg,,,CLSI M100,2C,,,,,,,,25,20,20,,,19,,"Zone as printed: S ≥25, SDD 20-, R ≤19"
Staphylococcus spp.,CPT,MIC,,,,CLSI M100,2C,,1,2,4,,,8,,,,,,,,"MIC as printed: S ≤1, SDD 2-4, R ≥8"
Staphylococcus spp.,VAN,MIC,,,,CLSI M100,2C,,2,,,4,8,16,,,,,,,,"MIC as printed: S ≤2, I 4-8, R ≥16. (15) For S. aureus, vancomycin-"
Staphylococcus spp.,AZM,DISK,15 µg,,,CLSI M100,2C,,,,,,,,18,,,14,17,13,,"Zone as printed: S ≥18, I 14-17, R ≤13"
Staphylococcus spp.,AZM,MIC,,,,CLSI M100,2C,,2,,,4,4,8,,,,,,,,"MIC as printed: S ≤2, I 4, R ≥8"
Staphylococcus spp.,CLR,DISK,15 µg,,,CLSI M100,2C,,,,,,,,18,,,14,17,13,,"Zone as printed: S ≥18, I 14-17, R ≤13. or erythromycin"
Staphylococcus spp.,CLR,MIC,,,,CLSI M100,2C,,2,,,4,4,8,,,,,,,,"MIC as printed: S ≤2, I 4, R ≥8. or erythromycin"
Staphylococcus spp.,DIR,DISK,15 µg,,,CLSI M100,2C,,,,,,,,19,,,16,18,15,,"Zone as printed: S ≥19, I 16-18, R ≤15"
Staphylococcus spp.,DIR,MIC,,,,CLSI M100,2C,,2,,,4,4,8,,,,,,,,"MIC as printed: S ≤2, I 4, R ≥8"
Staphylococcus spp.,TCY,DISK,30 µg,,,CLSI M100,2C,,,,,,,,19,,,15,18,14,,"Zone as printed: S ≥19, I 15-18, R ≤14"
Staphylococcus spp.,TCY,MIC,,,,CLSI M100,2C,,4,,,8,8,16,,,,,,,,"MIC as printed: S ≤4, I 8, R ≥16"
Staphylococcus spp.,DOX,DISK,30 µg,,,CLSI M100,2C,,,,,,,,16,,,13,15,12,,"Zone as printed: S ≥16, I 13-15, R ≤12"
Staphylococcus spp.,DOX,MIC,,,,CLSI M100,2C,,4,,,8,8,16,,,,,,,,"MIC as printed: S ≤4, I 8, R ≥16"
Staphylococcus spp.,MNO,DISK,30 µg,,,CLSI M100,2C,,,,,,,,19,,,15,18,14,,"Zone as printed: S ≥19, I 15-18, R ≤14. See comment (20)."
Staphylococcus spp.,MNO,MIC,,,,CLSI M100,2C,,4,,,8,8,16,,,,,,,,"MIC as printed: S ≤4, I 8, R ≥16. See comment (20)."
Staphylococcus spp.,CIP,DISK,5 µg,,,CLSI M100,2C,,,,,,,,21,,,16,20,15,,"Zone as printed: S ≥21, I 16-20, R ≤15"
Staphylococcus spp.,CIP,MIC,,,,CLSI M100,2C,,1,,,2,2,4,,,,,,,,"MIC as printed: S ≤1, I 2, R ≥4"
Staphylococcus spp.,LVX,DISK,5 µg,,,CLSI M100,2C,,,,,,,,19,,,16,18,15,,"Zone as printed: S ≥19, I 16-18, R ≤15"
Staphylococcus spp.,LVX,MIC,,,,CLSI M100,2C,,1,,,2,2,4,,,,,,,,"MIC as printed: S ≤1, I 2, R ≥4"
Staphylococcus spp.,MFX,DISK,5 µg,,,CLSI M100,2C,,,,,,,,24,,,21,23,20,,"Zone as printed: S ≥24, I 21-23, R ≤20"
Staphylococcus spp.,MFX,MIC,,,,CLSI M100,2C,,0.5,,,1,1,2,,,,,,,,"MIC as printed: S ≤0.5, I 1, R ≥2"
Staphylococcus spp.,ENX,DISK,10 µg,uti,,CLSI M100,2C,,,,,,,,18,,,15,17,14,,"Zone as printed: S ≥18, I 15-17, R ≤14"
Staphylococcus spp.,ENX,MIC,,uti,,CLSI M100,2C,,2,,,4,4,8,,,,,,,,"MIC as printed: S ≤2, I 4, R ≥8"
Staphylococcus spp.,GAT,DISK,5 µg,,,CLSI M100,2C,,,,,,,,23,,,20,22,19,,"Zone as printed: S ≥23, I 20-22, R ≤19"
Staphylococcus spp.,GAT,MIC,,,,CLSI M100,2C,,0.5,,,1,1,2,,,,,,,,"MIC as printed: S ≤0.5, I 1, R ≥2"
Staphylococcus spp.,GRX,DISK,5 µg,,,CLSI M100,2C,,,,,,,,18,,,15,17,14,,"Zone as printed: S ≥18, I 15-17, R ≤14"
Staphylococcus spp.,GRX,MIC,,,,CLSI M100,2C,,1,,,2,2,4,,,,,,,,"MIC as printed: S ≤1, I 2, R ≥4"
Staphylococcus spp.,LOM,DISK,10 µg,,,CLSI M100,2C,,,,,,,,22,,,19,21,18,,"Zone as printed: S ≥22, I 19-21, R ≤18"
Staphylococcus spp.,LOM,MIC,,,,CLSI M100,2C,,2,,,4,4,8,,,,,,,,"MIC as printed: S ≤2, I 4, R ≥8"
Staphylococcus spp.,NOR,DISK,10 µg,uti,,CLSI M100,2C,,,,,,,,17,,,13,16,12,,"Zone as printed: S ≥17, I 13-16, R ≤12"
Staphylococcus spp.,NOR,MIC,,uti,,CLSI M100,2C,,4,,,8,8,16,,,,,,,,"MIC as printed: S ≤4, I 8, R ≥16"
Staphylococcus spp.,OFX,DISK,5 µg,,,CLSI M100,2C,,,,,,,,18,,,15,17,14,,"Zone as printed: S ≥18, I 15-17, R ≤14"
Staphylococcus spp.,OFX,MIC,,,,CLSI M100,2C,,1,,,2,2,4,,,,,,,,"MIC as printed: S ≤1, I 2, R ≥4"
Staphylococcus spp.,SPX,DISK,5 µg,,,CLSI M100,2C,,,,,,,,19,,,16,18,15,,"Zone as printed: S ≥19, I 16-18, R ≤15"
Staphylococcus spp.,SPX,MIC,,,,CLSI M100,2C,,0.5,,,1,1,2,,,,,,,,"MIC as printed: S ≤0.5, I 1, R ≥2"
Staphylococcus spp.,FLE,DISK,5 µg,,,CLSI M100,2C,,,,,,,,19,,,16,18,15,,"Zone as printed: S ≥19, I 16-18, R ≤15"
Staphylococcus spp.,FLE,MIC,,,,CLSI M100,2C,,2,,,4,4,8,,,,,,,,"MIC as printed: S ≤2, I 4, R ≥8"
Staphylococcus spp.,NIT,DISK,300 µg,uti,,CLSI M100,2C,,,,,,,,17,,,15,16,14,,"Zone as printed: S ≥17, I 15-16, R ≤14"
Staphylococcus spp.,NIT,MIC,,uti,,CLSI M100,2C,,32,,,64,64,128,,,,,,,,"MIC as printed: S ≤32, I 64, R ≥128"
Staphylococcus spp.,CLI,DISK,2 µg,,,CLSI M100,2C,,,,,,,,21,,,15,20,14,,"Zone as printed: S ≥21, I 15-20, R ≤14. (23) For isolates that test erythromycin resistant and clindamycin susceptible or intermediate, testing for ICR by disk diffusion using the D-zone test or by broth microdilution is required before reporting clindamycin (see Table 3J, CLSI M02,1 and CLSI M077). See comment (20)."
Staphylococcus spp.,CLI,MIC,,,,CLSI M100,2C,,0.5,,,1,2,4,,,,,,,,"MIC as printed: S ≤0.5, I 1-2, R ≥4. (23) For isolates that test erythromycin resistant and clindamycin susceptible or intermediate, testing for ICR by disk diffusion using the D-zone test or by broth microdilution is required before reporting clindamycin (see Table 3J, CLSI M02,1 and CLSI M077). See comment (20)."
Staphylococcus spp.,SXT,DISK,1.25/,,,CLSI M100,2C,,,,,,,,16,,,11,15,10,,"Zone as printed: S ≥16, I 11-15, R ≤10"
Staphylococcus spp.,SXT,MIC,,,,CLSI M100,2C,,2,,,,,4,,,,,,,,"MIC as printed: S ≤2/38, R ≥4/76"
Staphylococcus spp.,SSS,DISK,250 or,uti,,CLSI M100,2C,,,,,,,,17,,,13,16,12,,"Zone as printed: S ≥17, I 13-16, R ≤12"
Staphylococcus spp.,SSS,MIC,,uti,,CLSI M100,2C,,256,,,,,512,,,,,,,,"MIC as printed: S ≤256, R ≥512"
Staphylococcus spp.,TMP,DISK,5 µg,uti,,CLSI M100,2C,,,,,,,,16,,,11,15,10,,"Zone as printed: S ≥16, I 11-15, R ≤10"
Staphylococcus spp.,TMP,MIC,,uti,,CLSI M100,2C,,8,,,,,16,,,,,,,,"MIC as printed: S ≤8, R ≥16"
Staphylococcus spp.,CHL,DISK,30 µg,,,CLSI M100,2C,,,,,,,,18,,,13,17,12,,"Zone as printed: S ≥18, I 13-17, R ≤12. See comment (20)."
Staphylococcus spp.,CHL,MIC,,,,CLSI M100,2C,,8,,,16,16,32,,,,,,,,"MIC as printed: S ≤8, I 16, R ≥32. See comment (20)."
Staphylococcus spp.,RIF,DISK,5 µg,,,CLSI M100,2C,,,,,,,,20,,,17,19,16,,"Zone as printed: S ≥20, I 17-19, R ≤16. (24) Rx: Rifampin should not be used alone for antimicrobial therapy."
Staphylococcus spp.,RIF,MIC,,,,CLSI M100,2C,,1,,,2,2,4,,,,,,,,"MIC as printed: S ≤1, I 2, R ≥4. (24) Rx: Rifampin should not be used alone for antimicrobial therapy."
Staphylococcus spp.,QDA,DISK,15 µg,,,CLSI M100,2C,,,,,,,,19,,,16,18,15,,"Zone as printed: S ≥19, I 16-18, R ≤15. (25) Report only on MSSA. dalfopristin*"
Staphylococcus spp.,QDA,MIC,,,,CLSI M100,2C,,1,,,2,2,4,,,,,,,,"MIC as printed: S ≤1, I 2, R ≥4. (25) Report only on MSSA. dalfopristin*"
Staphylococcus spp.,LNZ,DISK,30 µg,,,CLSI M100,2C,,,,,,,,26,,,23,25,22,,"Zone as printed: S ≥26, I 23-25, R ≤22"
Staphylococcus spp.,LNZ,MIC,,,,CLSI M100,2C,,4,,,,,8,,,,,,,,"MIC as printed: S ≤4, R ≥8"
Staphylococcus spp.,TZD,DISK,2 µg,,,CLSI M100,2C,,,,,,,,19,,,16,18,15,,"Zone as printed: S ≥19, I 16-18, R ≤15"
Staphylococcus spp.,TZD,MIC,,,,CLSI M100,2C,,0.5,,,1,1,2,,,,,,,,"MIC as printed: S ≤0.5, I 1, R ≥2"
Staphylococcus spp.,LFM,DISK,20 µg,,,CLSI M100,2C,,,,,,,,23,,,,,,,Zone as printed: S ≥23. See comment (20).
Staphylococcus spp.,LFM,MIC,,,,CLSI M100,2C,,0.25,,,,,,,,,,,,,MIC as printed: S ≤0.25. See comment (20).
Enterococcus spp.,PEN,DISK,10 units,,,CLSI M100,2D,,,,,,,,15,,,,,14,,"Zone as printed: S ≥15, R ≤14. (7) The results of ampicillin susceptibility tests should be used"
Enterococcus spp.,PEN,MIC,,,,CLSI M100,2D,,8,,,,,16,,,,,,,,"MIC as printed: S ≤8, R ≥16. (7) The results of ampicillin susceptibility tests should be used"
Enterococcus spp.,AMP,DISK,10 µg,,,CLSI M100,2D,,,,,,,,17,,,,,16,,"Zone as printed: S ≥17, R ≤16. to predict the activity of amoxicillin. Ampicillin results may be used to predict susceptibility to amoxicillin-clavulanate, ampicillin-sulbactam, and piperacillin-tazobactam among non–β-lactamase-producing enterococci. Ampicillin susceptibility can be used to predict imipenem susceptibility, providing the species is confirmed to be E. faecalis. (8) Enterococci susceptible to penicillin are predictably susceptible to ampicillin, amoxicillin, ampicillin-sulbactam, amoxicillin-clavulanate, and piperacillin-tazobactam for non– β-lactamase-producing enterococci. However, enterococci susceptible to ampicillin cannot be assumed to be susceptible to penicillin. If penicillin results are needed, testing of penicillin is required. (9) Rx: Combination therapy with high-dosage parenteral ampicillin, amoxicillin, penicillin, or vancomycin, plus an aminoglycoside, may be indicated for serious enterococcal infections, such as endocarditis, unless high-level resistance to both gentamicin and streptomycin is documented; such combinations are predicted to result in synergistic killing of enterococci. Refer to Table 3L for HLAR testing."
Enterococcus spp.,AMP,MIC,,,,CLSI M100,2D,,8,,,,,16,,,,,,,,"MIC as printed: S ≤8, R ≥16. to predict the activity of amoxicillin. Ampicillin results may be used to predict susceptibility to amoxicillin-clavulanate, ampicillin-sulbactam, and piperacillin-tazobactam among non–β-lactamase-producing enterococci. Ampicillin susceptibility can be used to predict imipenem susceptibility, providing the species is confirmed to be E. faecalis. (8) Enterococci susceptible to penicillin are predictably susceptible to ampicillin, amoxicillin, ampicillin-sulbactam, amoxicillin-clavulanate, and piperacillin-tazobactam for non– β-lactamase-producing enterococci. However, enterococci susceptible to ampicillin cannot be assumed to be susceptible to penicillin. If penicillin results are needed, testing of penicillin is required. (9) Rx: Combination therapy with high-dosage parenteral ampicillin, amoxicillin, penicillin, or vancomycin, plus an aminoglycoside, may be indicated for serious enterococcal infections, such as endocarditis, unless high-level resistance to both gentamicin and streptomycin is documented; such combinations are predicted to result in synergistic killing of enterococci. Refer to Table 3L for HLAR testing."
Enterococcus spp.,VAN,DISK,30 µg,,,CLSI M100,2D,,,,,,,,17,,,15,16,14,,"Zone as printed: S ≥17, I 15-16, R ≤14. (11) When testing vancomycin against enterococci, plates should be held a full 24 h for accurate detection of resistance. Zones should be examined using transmitted light; the presence of a haze or any growth within the zone of inhibition"
Enterococcus spp.,VAN,MIC,,,,CLSI M100,2D,,4,,,8,16,32,,,,,,,,"MIC as printed: S ≤4, I 8-16, R ≥32. (11) When testing vancomycin against enterococci, plates should be held a full 24 h for accurate detection of resistance. Zones should be examined using transmitted light; the presence of a haze or any growth within the zone of inhibition"
Enterococcus spp.,ERY,DISK,15 µg,,,CLSI M100,2D,,,,,,,,23,,,14,22,13,,"Zone as printed: S ≥23, I 14-22, R ≤13. (15) Not routinely reported on organisms isolated from the urinary tract."
Enterococcus spp.,ERY,MIC,,,,CLSI M100,2D,,0.5,,,1,4,8,,,,,,,,"MIC as printed: S ≤0.5, I 1-4, R ≥8. (15) Not routinely reported on organisms isolated from the urinary tract."
Enterococcus spp.,TCY,DISK,30 µg,uti,,CLSI M100,2D,,,,,,,,19,,,15,18,14,,"Zone as printed: S ≥19, I 15-18, R ≤14"
Enterococcus spp.,TCY,MIC,,uti,,CLSI M100,2D,,4,,,8,8,16,,,,,,,,"MIC as printed: S ≤4, I 8, R ≥16"
Enterococcus spp.,DOX,DISK,30 µg,,,CLSI M100,2D,,,,,,,,16,,,13,15,12,,"Zone as printed: S ≥16, I 13-15, R ≤12"
Enterococcus spp.,DOX,MIC,,,,CLSI M100,2D,,4,,,8,8,16,,,,,,,,"MIC as printed: S ≤4, I 8, R ≥16"
Enterococcus spp.,MNO,DISK,30 µg,,,CLSI M100,2D,,,,,,,,19,,,15,18,14,,"Zone as printed: S ≥19, I 15-18, R ≤14"
Enterococcus spp.,MNO,MIC,,,,CLSI M100,2D,,4,,,8,8,16,,,,,,,,"MIC as printed: S ≤4, I 8, R ≥16"
Enterococcus spp.,CIP,DISK,5 µg,uti,,CLSI M100,2D,,,,,,,,21,,,16,20,15,,"Zone as printed: S ≥21, I 16-20^, R ≤15"
Enterococcus spp.,CIP,MIC,,uti,,CLSI M100,2D,,1,,,2,2,4,,,,,,,,"MIC as printed: S ≤1, I 2^, R ≥4"
Enterococcus spp.,LVX,DISK,5 µg,uti,,CLSI M100,2D,,,,,,,,17,,,14,16,13,,"Zone as printed: S ≥17, I 14-16^, R ≤13"
Enterococcus spp.,LVX,MIC,,uti,,CLSI M100,2D,,2,,,4,4,8,,,,,,,,"MIC as printed: S ≤2, I 4^, R ≥8"
Enterococcus spp.,GAT,DISK,5 µg,,,CLSI M100,2D,,,,,,,,18,,,15,17,14,,"Zone as printed: S ≥18, I 15-17^, R ≤14"
Enterococcus spp.,GAT,MIC,,,,CLSI M100,2D,,2,,,4,4,8,,,,,,,,"MIC as printed: S ≤2, I 4^, R ≥8"
Enterococcus spp.,NOR,DISK,10 µg,uti,,CLSI M100,2D,,,,,,,,17,,,13,16,12,,"Zone as printed: S ≥17, I 13-16, R ≤12"
Enterococcus spp.,NOR,MIC,,uti,,CLSI M100,2D,,4,,,8,8,16,,,,,,,,"MIC as printed: S ≤4, I 8, R ≥16"
Enterococcus spp.,NIT,DISK,300 µg,uti,,CLSI M100,2D,,,,,,,,17,,,15,16,14,,"Zone as printed: S ≥17, I 15-16, R ≤14"
Enterococcus spp.,NIT,MIC,,uti,,CLSI M100,2D,,32,,,64,64,128,,,,,,,,"MIC as printed: S ≤32, I 64, R ≥128"
Enterococcus spp.,RIF,DISK,5 µg,,,CLSI M100,2D,,,,,,,,20,,,17,19,16,,"Zone as printed: S ≥20, I 17-19, R ≤16. (17) Rx: Rifampin should not be used alone for antimicrobial therapy."
Enterococcus spp.,RIF,MIC,,,,CLSI M100,2D,,1,,,2,2,4,,,,,,,,"MIC as printed: S ≤1, I 2, R ≥4. (17) Rx: Rifampin should not be used alone for antimicrobial therapy."
Enterococcus spp.,FOS,DISK,200 µg,uti,,CLSI M100,2D,,,,,,,,16,,,13,15,12,,"Zone as printed: S ≥16, I 13-15, R ≤12. (18) Report only on E. faecalis. (19) The approved MIC testing method is agar dilution. Agar media should be supplemented with 25 µg/mL of glucose-6-phosphate. Broth dilution testing should not be performed. (20) The 200-µg fosfomycin disk contains 50 µg glucose-6- phosphate."
Enterococcus spp.,FOS,MIC,,uti,,CLSI M100,2D,,64,,,128,128,256,,,,,,,,"MIC as printed: S ≤64, I 128, R ≥256. (18) Report only on E. faecalis. (19) The approved MIC testing method is agar dilution. Agar media should be supplemented with 25 µg/mL of glucose-6-phosphate. Broth dilution testing should not be performed. (20) The 200-µg fosfomycin disk contains 50 µg glucose-6- phosphate."
Enterococcus spp.,CHL,DISK,30 µg,,,CLSI M100,2D,,,,,,,,18,,,13,17,12,,"Zone as printed: S ≥18, I 13-17, R ≤12. See comment (15)."
Enterococcus spp.,CHL,MIC,,,,CLSI M100,2D,,8,,,16,16,32,,,,,,,,"MIC as printed: S ≤8, I 16, R ≥32. See comment (15)."
Enterococcus spp.,QDA,DISK,15 µg,,,CLSI M100,2D,,,,,,,,19,,,16,18,15,,"Zone as printed: S ≥19, I 16-18, R ≤15. (21) Report only on vancomycin-resistant E. faecium. dalfopristin*"
Enterococcus spp.,QDA,MIC,,,,CLSI M100,2D,,1,,,2,2,4,,,,,,,,"MIC as printed: S ≤1, I 2, R ≥4. (21) Report only on vancomycin-resistant E. faecium. dalfopristin*"
Enterococcus spp.,LNZ,DISK,30 µg,,,CLSI M100,2D,,,,,,,,23,,,21,22,20,,"Zone as printed: S ≥23, I 21-22, R ≤20"
Enterococcus spp.,LNZ,MIC,,,,CLSI M100,2D,,2,,,4,4,8,,,,,,,,"MIC as printed: S ≤2, I 4, R ≥8"
Enterococcus spp.,TZD,MIC,,,,CLSI M100,2D,,0.5,,,,,,,,,,,,,"MIC as printed: S ≤0.5. See comment (18). Abbreviations: CAMHB, cation-adjusted Mueller-Hinton broth; h, hour(s); HLAR, high-level aminoglycoside resistance; I, intermediate; Inv., investigational agent; MHA, Mueller-Hinton agar; MIC, minimal inhibitory concentration; QC, quality control; R, resistant; S, susceptible; SDD, susceptible-dose dependent; U, urine. Symbols: ^, designation for agents that have the potential to concentrate in the urine; *, designation for “Other” agents not included in Tables 1 but have established clinical breakpoints."
Haemophilus influenzae and Haemophilus parainfluenzae,AMP,DISK,10 µg,,,CLSI M100,2E,,,,,,,,22,,,19,21,18,,"Zone as printed: S ≥22, I 19-21, R ≤18. See general comment (5). (10) The results of ampicillin susceptibility tests should be used to predict the activity of amoxicillin. The majority of isolates of H. influenzae that are resistant to ampicillin and amoxicillin produce a TEM-type β-lactamase. In most cases, a β-lactamase test can provide a rapid means of detecting resistance to ampicillin and amoxicillin. (11) Rare BLNAR strains of H. influenzae should be considered resistant to amoxicillin-clavulanate, ampicillin-sulbactam, cefaclor, cefamandole, cefetamet, cefonicid, cefprozil, cefuroxime, loracarbef, and piperacillin-tazobactam, despite apparent in vitro susceptibility of some BLNAR strains to these agents."
Haemophilus influenzae and Haemophilus parainfluenzae,AMP,MIC,,,,CLSI M100,2E,,1,,,2,2,4,,,,,,,,"MIC as printed: S ≤1, I 2, R ≥4. See general comment (5). (10) The results of ampicillin susceptibility tests should be used to predict the activity of amoxicillin. The majority of isolates of H. influenzae that are resistant to ampicillin and amoxicillin produce a TEM-type β-lactamase. In most cases, a β-lactamase test can provide a rapid means of detecting resistance to ampicillin and amoxicillin. (11) Rare BLNAR strains of H. influenzae should be considered resistant to amoxicillin-clavulanate, ampicillin-sulbactam, cefaclor, cefamandole, cefetamet, cefonicid, cefprozil, cefuroxime, loracarbef, and piperacillin-tazobactam, despite apparent in vitro susceptibility of some BLNAR strains to these agents."
Haemophilus influenzae and Haemophilus parainfluenzae,SAM,DISK,10/10 µg,,,CLSI M100,2E,,,,,,,,20,,,,,19,,"Zone as printed: S ≥20, R ≤19. See comment (11)."
Haemophilus influenzae and Haemophilus parainfluenzae,SAM,MIC,,,,CLSI M100,2E,,2,,,,,4,,,,,,,,"MIC as printed: S ≤2/1, R ≥4/2. See comment (11)."
Haemophilus influenzae and Haemophilus parainfluenzae,AMC,MIC,,,,CLSI M100,2E,,2,,,4,4,8,,,,,,,,"MIC as printed: S ≤2/1, I 4/2, R ≥8/4. (13) Additional disk correlate data are pending before disk diffusion breakpoints with the dosage regimen listed in Table 2 Dosages can be established. See general comment (6) and comment (11)."
Haemophilus influenzae and Haemophilus parainfluenzae,CZT,MIC,,,,CLSI M100,2E,,0.5,,,,,,,,,,,,,MIC as printed: S ≤0.5/4. (14) Report only on H. influenzae.
Haemophilus influenzae and Haemophilus parainfluenzae,TZP,DISK,100/10 µg,,,CLSI M100,2E,,,,,,,,21,,,,,,,Zone as printed: S ≥21. See comment (11).
Haemophilus influenzae and Haemophilus parainfluenzae,TZP,MIC,,,,CLSI M100,2E,,1,,,,,2,,,,,,,,"MIC as printed: S ≤1/4, R ≥2/4. See comment (11)."
Haemophilus influenzae and Haemophilus parainfluenzae,CTX,DISK,30 µg,,,CLSI M100,2E,,,,,,,,26,,,,,,,Zone as printed: S ≥26. See general comment (5).
Haemophilus influenzae and Haemophilus parainfluenzae,CTX,MIC,,,,CLSI M100,2E,,2,,,,,,,,,,,,,MIC as printed: S ≤2. See general comment (5).
Haemophilus influenzae and Haemophilus parainfluenzae,CAZ,DISK,30 µg,,,CLSI M100,2E,,,,,,,,26,,,,,,,Zone as printed: S ≥26
Haemophilus influenzae and Haemophilus parainfluenzae,CAZ,MIC,,,,CLSI M100,2E,,2,,,,,,,,,,,,,MIC as printed: S ≤2
Haemophilus influenzae and Haemophilus parainfluenzae,CRO,DISK,30 µg,,,CLSI M100,2E,,,,,,,,26,,,,,,,Zone as printed: S ≥26
Haemophilus influenzae and Haemophilus parainfluenzae,CRO,MIC,,,,CLSI M100,2E,,2,,,,,,,,,,,,,MIC as printed: S ≤2
Haemophilus influenzae and Haemophilus parainfluenzae,CXM,DISK,30 µg,,,CLSI M100,2E,,,,,,,,20,,,17,19,16,,"Zone as printed: S ≥20, I 17-19, R ≤16. See general comments (6) and (8) and comment (11)."
Haemophilus influenzae and Haemophilus parainfluenzae,CXM,MIC,,,,CLSI M100,2E,,4,,,8,8,16,,,,,,,,"MIC as printed: S ≤4, I 8, R ≥16. See general comments (6) and (8) and comment (11)."
Haemophilus influenzae and Haemophilus parainfluenzae,CPT,DISK,30 µg,,,CLSI M100,2E,,,,,,,,30,,,,,,,Zone as printed: S ≥30. See comment (14).
Haemophilus influenzae and Haemophilus parainfluenzae,CPT,MIC,,,,CLSI M100,2E,,0.5,,,,,,,,,,,,,MIC as printed: S ≤0.5. See comment (14).
Haemophilus influenzae and Haemophilus parainfluenzae,CID,DISK,30 µg,,,CLSI M100,2E,,,,,,,,20,,,17,19,16,,"Zone as printed: S ≥20, I 17-19, R ≤16. See comment (11)."
Haemophilus influenzae and Haemophilus parainfluenzae,CID,MIC,,,,CLSI M100,2E,,4,,,8,8,16,,,,,,,,"MIC as printed: S ≤4, I 8, R ≥16. See comment (11)."
Haemophilus influenzae and Haemophilus parainfluenzae,MAN,MIC,,,,CLSI M100,2E,,4,,,8,8,16,,,,,,,,"MIC as printed: S ≤4, I 8, R ≥16. See comment (11)."
Haemophilus influenzae and Haemophilus parainfluenzae,FEP,DISK,30 µg,,,CLSI M100,2E,,,,,,,,26,,,,,,,Zone as printed: S ≥26
Haemophilus influenzae and Haemophilus parainfluenzae,FEP,MIC,,,,CLSI M100,2E,,2,,,,,,,,,,,,,MIC as printed: S ≤2
Haemophilus influenzae and Haemophilus parainfluenzae,CZX,DISK,30 µg,,,CLSI M100,2E,,,,,,,,26,,,,,,,Zone as printed: S ≥26. See general comment (5).
Haemophilus influenzae and Haemophilus parainfluenzae,CZX,MIC,,,,CLSI M100,2E,,2,,,,,,,,,,,,,MIC as printed: S ≤2. See general comment (5).
Haemophilus influenzae and Haemophilus parainfluenzae,CEC,DISK,30 µg,,,CLSI M100,2E,,,,,,,,20,,,17,19,16,,"Zone as printed: S ≥20, I 17-19, R ≤16. See general comment (6) and comment (11)."
Haemophilus influenzae and Haemophilus parainfluenzae,CEC,MIC,,,,CLSI M100,2E,,8,,,16,16,32,,,,,,,,"MIC as printed: S ≤8, I 16, R ≥32. See general comment (6) and comment (11)."
Haemophilus influenzae and Haemophilus parainfluenzae,CPR,DISK,30 µg,,,CLSI M100,2E,,,,,,,,18,,,15,17,14,,"Zone as printed: S ≥18, I 15-17, R ≤14"
Haemophilus influenzae and Haemophilus parainfluenzae,CPR,MIC,,,,CLSI M100,2E,,8,,,16,16,32,,,,,,,,"MIC as printed: S ≤8, I 16, R ≥32"
Haemophilus influenzae and Haemophilus parainfluenzae,CDR,DISK,5 µg,,,CLSI M100,2E,,,,,,,,20,,,,,,,Zone as printed: S ≥20. See general comment (6).
Haemophilus influenzae and Haemophilus parainfluenzae,CDR,MIC,,,,CLSI M100,2E,,1,,,,,,,,,,,,,MIC as printed: S ≤1. See general comment (6).
Haemophilus influenzae and Haemophilus parainfluenzae,CFM,DISK,5 µg,,,CLSI M100,2E,,,,,,,,21,,,,,,,Zone as printed: S ≥21
Haemophilus influenzae and Haemophilus parainfluenzae,CFM,MIC,,,,CLSI M100,2E,,1,,,,,,,,,,,,,MIC as printed: S ≤1
Haemophilus influenzae and Haemophilus parainfluenzae,CPD,DISK,10 µg,,,CLSI M100,2E,,,,,,,,21,,,,,,,Zone as printed: S ≥21
Haemophilus influenzae and Haemophilus parainfluenzae,CPD,MIC,,,,CLSI M100,2E,,2,,,,,,,,,,,,,MIC as printed: S ≤2
Haemophilus influenzae and Haemophilus parainfluenzae,LOR,DISK,30 µg,,,CLSI M100,2E,,,,,,,,19,,,16,18,15,,"Zone as printed: S ≥19, I 16-18, R ≤15. See general comment (6) and comment (11)."
Haemophilus influenzae and Haemophilus parainfluenzae,LOR,MIC,,,,CLSI M100,2E,,8,,,16,16,32,,,,,,,,"MIC as printed: S ≤8, I 16, R ≥32. See general comment (6) and comment (11)."
Haemophilus influenzae and Haemophilus parainfluenzae,CTB,DISK,30 µg,,,CLSI M100,2E,,,,,,,,28,,,,,,,Zone as printed: S ≥28
Haemophilus influenzae and Haemophilus parainfluenzae,CTB,MIC,,,,CLSI M100,2E,,2,,,,,,,,,,,,,MIC as printed: S ≤2
Haemophilus influenzae and Haemophilus parainfluenzae,CAT,DISK,10 µg,,,CLSI M100,2E,,,,,,,,18,,,15,17,14,,"Zone as printed: S ≥18, I 15-17, R ≤14. See comment (11)."
Haemophilus influenzae and Haemophilus parainfluenzae,CAT,MIC,,,,CLSI M100,2E,,4,,,8,8,16,,,,,,,,"MIC as printed: S ≤4, I 8, R ≥16. See comment (11)."
Haemophilus influenzae and Haemophilus parainfluenzae,ATM,DISK,30 µg,,,CLSI M100,2E,,,,,,,,26,,,,,,,Zone as printed: S ≥26
Haemophilus influenzae and Haemophilus parainfluenzae,ATM,MIC,,,,CLSI M100,2E,,2,,,,,,,,,,,,,MIC as printed: S ≤2
Haemophilus influenzae and Haemophilus parainfluenzae,MEM,DISK,10 µg,,,CLSI M100,2E,,,,,,,,20,,,,,,,Zone as printed: S ≥20. See general comment (5).
Haemophilus influenzae and Haemophilus parainfluenzae,MEM,MIC,,,,CLSI M100,2E,,0.5,,,,,,,,,,,,,MIC as printed: S ≤0.5. See general comment (5).
Haemophilus influenzae and Haemophilus parainfluenzae,ETP,DISK,10 µg,,,CLSI M100,2E,,,,,,,,19,,,,,,,Zone as printed: S ≥19
Haemophilus influenzae and Haemophilus parainfluenzae,IPM,DISK,10 µg,,,CLSI M100,2E,,,,,,,,19,,,,,,,Zone as printed: S ≥19
Haemophilus influenzae and Haemophilus parainfluenzae,ETP,MIC,,,,CLSI M100,2E,,0.5,,,,,,,,,,,,,MIC as printed: S ≤0.5
Haemophilus influenzae and Haemophilus parainfluenzae,IPM,MIC,,,,CLSI M100,2E,,0.5,,,,,,,,,,,,,MIC as printed: S ≤0.5
Haemophilus influenzae and Haemophilus parainfluenzae,DOR,DISK,10 µg,,,CLSI M100,2E,,,,,,,,16,,,,,,,Zone as printed: S ≥16
Haemophilus influenzae and Haemophilus parainfluenzae,DOR,MIC,,,,CLSI M100,2E,,1,,,,,,,,,,,,,MIC as printed: S ≤1
Haemophilus influenzae and Haemophilus parainfluenzae,AZM,DISK,15 µg,,,CLSI M100,2E,,,,,,,,12,,,,,,,Zone as printed: S ≥12. See general comment (6).
Haemophilus influenzae and Haemophilus parainfluenzae,AZM,MIC,,,,CLSI M100,2E,,4,,,,,,,,,,,,,MIC as printed: S ≤4. See general comment (6).
Haemophilus influenzae and Haemophilus parainfluenzae,CLR,DISK,15 µg,,,CLSI M100,2E,,,,,,,,13,,,11,12,10,,"Zone as printed: S ≥13, I 11-12, R ≤10"
Haemophilus influenzae and Haemophilus parainfluenzae,CLR,MIC,,,,CLSI M100,2E,,8,,,16,16,32,,,,,,,,"MIC as printed: S ≤8, I 16, R ≥32"
Haemophilus influenzae and Haemophilus parainfluenzae,TCY,DISK,30 µg,,,CLSI M100,2E,,,,,,,,29,,,26,28,25,,"Zone as printed: S ≥29, I 26-28, R ≤25"
Haemophilus influenzae and Haemophilus parainfluenzae,TCY,MIC,,,,CLSI M100,2E,,2,,,4,4,8,,,,,,,,"MIC as printed: S ≤2, I 4, R ≥8"
Haemophilus influenzae and Haemophilus parainfluenzae,CIP,DISK,5 µg,,,CLSI M100,2E,,,,,,,,21,,,,,,,Zone as printed: S ≥21
Haemophilus influenzae and Haemophilus parainfluenzae,CIP,MIC,,,,CLSI M100,2E,,1,,,,,,,,,,,,,MIC as printed: S ≤1
Haemophilus influenzae and Haemophilus parainfluenzae,LVX,DISK,5 µg,,,CLSI M100,2E,,,,,,,,17,,,,,,,Zone as printed: S ≥17
Haemophilus influenzae and Haemophilus parainfluenzae,LVX,MIC,,,,CLSI M100,2E,,2,,,,,,,,,,,,,MIC as printed: S ≤2
Haemophilus influenzae and Haemophilus parainfluenzae,MFX,DISK,5 µg,,,CLSI M100,2E,,,,,,,,18,,,,,,,Zone as printed: S ≥18
Haemophilus influenzae and Haemophilus parainfluenzae,MFX,MIC,,,,CLSI M100,2E,,1,,,,,,,,,,,,,MIC as printed: S ≤1
Haemophilus influenzae and Haemophilus parainfluenzae,GEM,DISK,5 µg,,,CLSI M100,2E,,,,,,,,18,,,,,,,Zone as printed: S ≥18
Haemophilus influenzae and Haemophilus parainfluenzae,GEM,MIC,,,,CLSI M100,2E,,0.12,,,,,,,,,,,,,MIC as printed: S ≤0.12
Haemophilus influenzae and Haemophilus parainfluenzae,GAT,DISK,5 µg,,,CLSI M100,2E,,,,,,,,18,,,,,,,Zone as printed: S ≥18
Haemophilus influenzae and Haemophilus parainfluenzae,GAT,MIC,,,,CLSI M100,2E,,1,,,,,,,,,,,,,MIC as printed: S ≤1
Haemophilus influenzae and Haemophilus parainfluenzae,GRX,DISK,5 µg,,,CLSI M100,2E,,,,,,,,24,,,,,,,Zone as printed: S ≥24
Haemophilus influenzae and Haemophilus parainfluenzae,GRX,MIC,,,,CLSI M100,2E,,0.5,,,,,,,,,,,,,MIC as printed: S ≤0.5
Haemophilus influenzae and Haemophilus parainfluenzae,LOM,DISK,10 µg,,,CLSI M100,2E,,,,,,,,22,,,,,,,Zone as printed: S ≥22
Haemophilus influenzae and Haemophilus parainfluenzae,LOM,MIC,,,,CLSI M100,2E,,2,,,,,,,,,,,,,MIC as printed: S ≤2
Haemophilus influenzae and Haemophilus parainfluenzae,OFX,DISK,5 µg,,,CLSI M100,2E,,,,,,,,16,,,,,,,Zone as printed: S ≥16
Haemophilus influenzae and Haemophilus parainfluenzae,OFX,MIC,,,,CLSI M100,2E,,2,,,,,,,,,,,,,MIC as printed: S ≤2
Haemophilus influenzae and Haemophilus parainfluenzae,SPX,MIC,,,,CLSI M100,2E,,0.25,,,,,,,,,,,,,MIC as printed: S ≤0.25
Haemophilus influenzae and Haemophilus parainfluenzae,TVA,DISK,10 µg,,,CLSI M100,2E,,,,,,,,22,,,,,,,Zone as printed: S ≥22
Haemophilus influenzae and Haemophilus parainfluenzae,TVA,MIC,,,,CLSI M100,2E,,1,,,,,,,,,,,,,MIC as printed: S ≤1
Haemophilus influenzae and Haemophilus parainfluenzae,FLE,DISK,5 µg,,,CLSI M100,2E,,,,,,,,19,,,,,,,Zone as printed: S ≥19
Haemophilus influenzae and Haemophilus parainfluenzae,FLE,MIC,,,,CLSI M100,2E,,2,,,,,,,,,,,,,MIC as printed: S ≤2
Haemophilus influenzae and Haemophilus parainfluenzae,SXT,DISK,1.25/,,,CLSI M100,2E,,,,,,,,16,,,11,15,10,,"Zone as printed: S ≥16, I 11-15, R ≤10. See general comment (9)."
Haemophilus influenzae and Haemophilus parainfluenzae,SXT,MIC,,,,CLSI M100,2E,,0.5,,,1,1,4,,,,,,,,"MIC as printed: S ≤0.5/9.5, I 1/19-, R ≥4/76. See general comment (9)."
Haemophilus influenzae and Haemophilus parainfluenzae,CHL,DISK,30 µg,,,CLSI M100,2E,,,,,,,,29,,,26,28,25,,"Zone as printed: S ≥29, I 26-28, R ≤25. See general comment (5). (16) Not routinely reported on organisms isolated from the urinary tract."
Haemophilus influenzae and Haemophilus parainfluenzae,CHL,MIC,,,,CLSI M100,2E,,2,,,4,4,8,,,,,,,,"MIC as printed: S ≤2, I 4, R ≥8. See general comment (5). (16) Not routinely reported on organisms isolated from the urinary tract."
Haemophilus influenzae and Haemophilus parainfluenzae,RIF,DISK,5 µg,,,CLSI M100,2E,,,,,,,,20,,,17,19,16,,"Zone as printed: S ≥20, I 17-19, R ≤16. See general comment (8). (17) May be appropriate only for prophylaxis of case contacts. These breakpoints do not apply to therapy of patients with invasive H. influenzae disease."
Haemophilus influenzae and Haemophilus parainfluenzae,RIF,MIC,,,,CLSI M100,2E,,1,,,2,2,4,,,,,,,,"MIC as printed: S ≤1, I 2, R ≥4. See general comment (8). (17) May be appropriate only for prophylaxis of case contacts. These breakpoints do not apply to therapy of patients with invasive H. influenzae disease."
Haemophilus influenzae and Haemophilus parainfluenzae,LFM,DISK,20 µg,,,CLSI M100,2E,,,,,,,,18,,,,,,,"Zone as printed: S ≥18. See comments (14) and (16). Abbreviations: ATCC®, American Type Culture Collection; BLNAR, β-lactamase negative, ampicillin-resistant; CFU, colony-forming unit(s); CO, carbon dioxide; CSF, cerebrospinal fluid;"
Haemophilus influenzae and Haemophilus parainfluenzae,LFM,MIC,,,,CLSI M100,2E,,2,,,,,,,,,,,,,"MIC as printed: S ≤2. See comments (14) and (16). Abbreviations: ATCC®, American Type Culture Collection; BLNAR, β-lactamase negative, ampicillin-resistant; CFU, colony-forming unit(s); CO, carbon dioxide; CSF, cerebrospinal fluid;"
Neisseria gonorrhoeae,PEN,DISK,10 units,,,CLSI M100,2F,,,,,,,,47,,,27,46,26,,"Zone as printed: S ≥47, I 27-46, R ≤26. See general comment (4). (6) A positive β-lactamase test predicts resistance to penicillin, ampicillin, and amoxicillin. (7) A β-lactamase test detects 1 form of penicillin resistance in N. gonorrhoeae and also may be used to provide epidemiological information. Strains with chromosomally mediated resistance can be detected only by the disk diffusion method or the agar dilution MIC method. (8) Isolates that produce zones of inhibition ≤"
Neisseria gonorrhoeae,PEN,MIC,,,,CLSI M100,2F,,0.06,,,0.12,1,2,,,,,,,,"MIC as printed: S ≤0.06, I 0.12-1, R ≥2. See general comment (4). (6) A positive β-lactamase test predicts resistance to penicillin, ampicillin, and amoxicillin. (7) A β-lactamase test detects 1 form of penicillin resistance in N. gonorrhoeae and also may be used to provide epidemiological information. Strains with chromosomally mediated resistance can be detected only by the disk diffusion method or the agar dilution MIC method. (8) Isolates that produce zones of inhibition ≤"
Neisseria gonorrhoeae,FOX,DISK,30 µg,,,CLSI M100,2F,,,,,,,,28,,,24,27,23,,"Zone as printed: S ≥28, I 24-27, R ≤23. See general comment (3)."
Neisseria gonorrhoeae,FOX,MIC,,,,CLSI M100,2F,,2,,,4,4,8,,,,,,,,"MIC as printed: S ≤2, I 4, R ≥8. See general comment (3)."
Neisseria gonorrhoeae,FEP,DISK,30 µg,,,CLSI M100,2F,,,,,,,,31,,,,,,,Zone as printed: S ≥31
Neisseria gonorrhoeae,FEP,MIC,,,,CLSI M100,2F,,0.5,,,,,,,,,,,,,MIC as printed: S ≤0.5
Neisseria gonorrhoeae,CTX,DISK,30 µg,,,CLSI M100,2F,,,,,,,,31,,,,,,,Zone as printed: S ≥31
Neisseria gonorrhoeae,CTX,MIC,,,,CLSI M100,2F,,0.5,,,,,,,,,,,,,MIC as printed: S ≤0.5
Neisseria gonorrhoeae,CTT,DISK,30 µg,,,CLSI M100,2F,,,,,,,,26,,,20,25,19,,"Zone as printed: S ≥26, I 20-25, R ≤19. See general comment (3)."
Neisseria gonorrhoeae,CTT,MIC,,,,CLSI M100,2F,,2,,,4,4,8,,,,,,,,"MIC as printed: S ≤2, I 4, R ≥8. See general comment (3)."
Neisseria gonorrhoeae,CZX,DISK,30 µg,,,CLSI M100,2F,,,,,,,,38,,,,,,,Zone as printed: S ≥38
Neisseria gonorrhoeae,CZX,MIC,,,,CLSI M100,2F,,0.5,,,,,,,,,,,,,MIC as printed: S ≤0.5
Neisseria gonorrhoeae,CPD,DISK,10 µg,,,CLSI M100,2F,,,,,,,,29,,,,,,,Zone as printed: S ≥29
Neisseria gonorrhoeae,CPD,MIC,,,,CLSI M100,2F,,0.5,,,,,,,,,,,,,MIC as printed: S ≤0.5
Neisseria gonorrhoeae,AZM,DISK,15 µg,,,CLSI M100,2F,,,,,,,,30,,,,,,,Zone as printed: S ≥30. (10) Breakpoint presumes that azithromycin is used in an approved regimen that includes an additional antimicrobial agent.
Neisseria gonorrhoeae,AZM,MIC,,,,CLSI M100,2F,,1,,,,,,,,,,,,,MIC as printed: S ≤1. (10) Breakpoint presumes that azithromycin is used in an approved regimen that includes an additional antimicrobial agent.
Neisseria gonorrhoeae,TCY,DISK,30 µg,,,CLSI M100,2F,,,,,,,,38,,,31,37,30,,"Zone as printed: S ≥38, I 31-37, R ≤30. (12) Isolates with disk zone diameters ≤19 mm usually indicate plasmid-mediated tetracycline resistance. Resistance in these strains should be confirmed by a dilution test (MIC ≥16 µg/mL)."
Neisseria gonorrhoeae,TCY,MIC,,,,CLSI M100,2F,,0.25,,,0.5,1,2,,,,,,,,"MIC as printed: S ≤0.25, I 0.5-1, R ≥2. (12) Isolates with disk zone diameters ≤19 mm usually indicate plasmid-mediated tetracycline resistance. Resistance in these strains should be confirmed by a dilution test (MIC ≥16 µg/mL)."
Neisseria gonorrhoeae,CIP,DISK,5 µg,,,CLSI M100,2F,,,,,,,,41,,,28,40,27,,"Zone as printed: S ≥41, I 28-40, R ≤27"
Neisseria gonorrhoeae,CIP,MIC,,,,CLSI M100,2F,,0.06,,,0.12,0.5,1,,,,,,,,"MIC as printed: S ≤0.06, I 0.12-0.5, R ≥1"
Neisseria gonorrhoeae,SPT,DISK,100 µg,,,CLSI M100,2F,,,,,,,,18,,,15,17,14,,"Zone as printed: S ≥18, I 15-17, R ≤14. See general comment (3). Abbreviations: CO, carbon dioxide; GC, gonococcus (Neisseria gonorrhoeae); HCl, hydrochloric acid; I, intermediate; MHB, Mueller-Hinton broth; MIC, minimal inhibitory concentration; NAD, β-nicotinamide adenine dinucleotide; pH, negative logarithm of hydrogen ion concentration; QC, quality control; R, resistant; S, susceptible."
Neisseria gonorrhoeae,SPT,MIC,,,,CLSI M100,2F,,32,,,64,64,128,,,,,,,,"MIC as printed: S ≤32, I 64, R ≥128. See general comment (3). Abbreviations: CO, carbon dioxide; GC, gonococcus (Neisseria gonorrhoeae); HCl, hydrochloric acid; I, intermediate; MHB, Mueller-Hinton broth; MIC, minimal inhibitory concentration; NAD, β-nicotinamide adenine dinucleotide; pH, negative logarithm of hydrogen ion concentration; QC, quality control; R, resistant; S, susceptible."
Streptococcus pneumoniae,PEN,DISK,1 µg,,,CLSI M100,2G,,,,,,,,20,,,,,,,"Zone as printed: S ≥20. (8) Isolates of pneumococci with oxacillin zone sizes ≥20 mm oxacillin are susceptible (MIC ≤0.06 µg/mL) to penicillin. Penicillin and cefotaxime, ceftriaxone, or meropenem MICs should be determined for isolates with oxacillin zone diameters ≤19 mm, because zones"
Streptococcus pneumoniae,PEN,MIC,,non_meningitis,iv,CLSI M100,2G,,2,,,4,4,8,,,,,,,,"MIC as printed: S ≤2, I 4, R ≥8. (9) For all isolates other than those from CSF, (nonmeningitis) report interpretations for both meningitis and nonmeningitis."
Streptococcus pneumoniae,PEN,MIC,,meningitis,iv,CLSI M100,2G,,0.06,,,,,0.12,,,,,,,,"MIC as printed: S ≤0.06, R ≥0.12. (10) For CSF isolates, report only meningitis (meningitis) interpretations. See general comment (5)."
Streptococcus pneumoniae,PEN,MIC,,,oral,CLSI M100,2G,,0.06,,,0.12,1,2,,,,,,,,"MIC as printed: S ≤0.06, I 0.12-1, R ≥2. (11) Interpretations for oral penicillin may be reported for isolates other than those from CSF."
Streptococcus pneumoniae,AMX,MIC,,non_meningitis,,CLSI M100,2G,,2,,,4,4,8,,,,,,,,"MIC as printed: S ≤2, I 4, R ≥8"
Streptococcus pneumoniae,AMC,MIC,,non_meningitis,,CLSI M100,2G,,2,,,4,4,8,,,,,,,,"MIC as printed: S ≤2/1, I 4/2, R ≥8/4. (nonmeningitis)"
Streptococcus pneumoniae,FEP,MIC,,meningitis,,CLSI M100,2G,,0.5,,,1,1,2,,,,,,,,"MIC as printed: S ≤0.5, I 1, R ≥2. (12) In the United States, for CSF isolates, report only nonmeningitis interpretations. There is not an FDA-approved indication for the use of cefepime for meningitis in the United States."
Streptococcus pneumoniae,FEP,MIC,,non_meningitis,,CLSI M100,2G,,1,,,2,2,4,,,,,,,,"MIC as printed: S ≤1, I 2, R ≥4. (13) In the United States, report only interpretations for nonmeningitis and include the nonmeningitis notation on the report."
Streptococcus pneumoniae,CTX,MIC,,meningitis,,CLSI M100,2G,,0.5,,,1,1,2,,,,,,,,"MIC as printed: S ≤0.5, I 1, R ≥2. (14) For CSF isolates, report only meningitis"
Streptococcus pneumoniae,CRO,MIC,,meningitis,,CLSI M100,2G,,0.5,,,1,1,2,,,,,,,,"MIC as printed: S ≤0.5, I 1, R ≥2. interpretations. (15) Rx: Use of cefotaxime or ceftriaxone in meningitis requires therapy with maximum doses. See general comment (5)."
Streptococcus pneumoniae,CTX,MIC,,non_meningitis,,CLSI M100,2G,,1,,,2,2,4,,,,,,,,"MIC as printed: S ≤1, I 2, R ≥4. (16) For all isolates other than those from CSF,"
Streptococcus pneumoniae,CRO,MIC,,non_meningitis,,CLSI M100,2G,,1,,,2,2,4,,,,,,,,"MIC as printed: S ≤1, I 2, R ≥4. report interpretations for both meningitis and nonmeningitis."
Streptococcus pneumoniae,CPT,DISK,30 µg,non_meningitis,,CLSI M100,2G,,,,,,,,26,,,,,,,Zone as printed: S ≥26
Streptococcus pneumoniae,CPT,MIC,,non_meningitis,,CLSI M100,2G,,0.5,,,,,,,,,,,,,MIC as printed: S ≤0.5
Streptococcus pneumoniae,CXM,MIC,,,iv,CLSI M100,2G,,0.5,,,1,1,2,,,,,,,,"MIC as printed: S ≤0.5, I 1, R ≥2"
Streptococcus pneumoniae,CXM,MIC,,,oral,CLSI M100,2G,,1,,,2,2,4,,,,,,,,"MIC as printed: S ≤1, I 2, R ≥4. (17) Interpretations for oral cefuroxime may be reported for isolates other than those from CSF."
Streptococcus pneumoniae,CEC,MIC,,,,CLSI M100,2G,,1,,,2,2,4,,,,,,,,"MIC as printed: S ≤1, I 2, R ≥4"
Streptococcus pneumoniae,CDR,MIC,,,,CLSI M100,2G,,0.5,,,1,1,2,,,,,,,,"MIC as printed: S ≤0.5, I 1, R ≥2"
Streptococcus pneumoniae,CPD,MIC,,,,CLSI M100,2G,,0.5,,,1,1,2,,,,,,,,"MIC as printed: S ≤0.5, I 1, R ≥2"
Streptococcus pneumoniae,CPR,MIC,,,,CLSI M100,2G,,2,,,4,4,8,,,,,,,,"MIC as printed: S ≤2, I 4, R ≥8"
Streptococcus pneumoniae,LOR,MIC,,,,CLSI M100,2G,,2,,,4,4,8,,,,,,,,"MIC as printed: S ≤2, I 4, R ≥8"
Streptococcus pneumoniae,MEM,MIC,,,,CLSI M100,2G,,0.25,,,0.5,0.5,1,,,,,,,,"MIC as printed: S ≤0.25, I 0.5, R ≥1. See general comment (5) and comment (8)."
Streptococcus pneumoniae,ETP,MIC,,,,CLSI M100,2G,,1,,,2,2,4,,,,,,,,"MIC as printed: S ≤1, I 2, R ≥4"
Streptococcus pneumoniae,IPM,MIC,,,,CLSI M100,2G,,0.12,,,0.25,0.5,1,,,,,,,,"MIC as printed: S ≤0.12, I 0.25-0.5, R ≥1"
Streptococcus pneumoniae,DOR,MIC,,,,CLSI M100,2G,,1,,,,,,,,,,,,,MIC as printed: S ≤1
Streptococcus pneumoniae,VAN,DISK,30 µg,,,CLSI M100,2G,,,,,,,,17,,,,,,,Zone as printed: S ≥17. See general comment (5).
Streptococcus pneumoniae,VAN,MIC,,,,CLSI M100,2G,,1,,,,,,,,,,,,,MIC as printed: S ≤1. See general comment (5).
Streptococcus pneumoniae,ERY,DISK,15 µg,,,CLSI M100,2G,,,,,,,,21,,,16,20,15,,"Zone as printed: S ≥21, I 16-20, R ≤15"
Streptococcus pneumoniae,ERY,MIC,,,,CLSI M100,2G,,0.25,,,0.5,0.5,1,,,,,,,,"MIC as printed: S ≤0.25, I 0.5, R ≥1"
Streptococcus pneumoniae,AZM,DISK,15 µg,,,CLSI M100,2G,,,,,,,,18,,,14,17,13,,"Zone as printed: S ≥18, I 14-17, R ≤13"
Streptococcus pneumoniae,AZM,MIC,,,,CLSI M100,2G,,0.5,,,1,1,2,,,,,,,,"MIC as printed: S ≤0.5, I 1, R ≥2"
Streptococcus pneumoniae,CLR,DISK,15 µg,,,CLSI M100,2G,,,,,,,,21,,,17,20,16,,"Zone as printed: S ≥21, I 17-20, R ≤16"
Streptococcus pneumoniae,CLR,MIC,,,,CLSI M100,2G,,0.25,,,0.5,0.5,1,,,,,,,,"MIC as printed: S ≤0.25, I 0.5, R ≥1"
Streptococcus pneumoniae,DIR,DISK,15 µg,,,CLSI M100,2G,,,,,,,,18,,,14,17,13,,"Zone as printed: S ≥18, I 14-17, R ≤13"
Streptococcus pneumoniae,DIR,MIC,,,,CLSI M100,2G,,0.5,,,1,1,2,,,,,,,,"MIC as printed: S ≤0.5, I 1, R ≥2"
Streptococcus pneumoniae,TCY,DISK,30 µg,,,CLSI M100,2G,,,,,,,,28,,,25,27,24,,"Zone as printed: S ≥28, I 25-27, R ≤24"
Streptococcus pneumoniae,TCY,MIC,,,,CLSI M100,2G,,1,,,2,2,4,,,,,,,,"MIC as printed: S ≤1, I 2, R ≥4"
Streptococcus pneumoniae,DOX,DISK,30 µg,,,CLSI M100,2G,,,,,,,,28,,,25,27,24,,"Zone as printed: S ≥28, I 25-27, R ≤24"
Streptococcus pneumoniae,DOX,MIC,,,,CLSI M100,2G,,0.25,,,0.5,0.5,1,,,,,,,,"MIC as printed: S ≤0.25, I 0.5, R ≥1"
Streptococcus pneumoniae,GEM,DISK,5 µg,,,CLSI M100,2G,,,,,,,,23,,,20,22,19,,"Zone as printed: S ≥23, I 20-22, R ≤19. (21) Organisms that are susceptible to levofloxacin"
Streptococcus pneumoniae,GEM,MIC,,,,CLSI M100,2G,,0.12,,,0.25,0.25,0.5,,,,,,,,"MIC as printed: S ≤0.12, I 0.25, R ≥0.5. (21) Organisms that are susceptible to levofloxacin"
Streptococcus pneumoniae,LVX,DISK,5 µg,,,CLSI M100,2G,,,,,,,,17,,,14,16,13,,"Zone as printed: S ≥17, I 14-16, R ≤13. are also considered susceptible to gemifloxacin and moxifloxacin. However, some organisms that are"
Streptococcus pneumoniae,LVX,MIC,,,,CLSI M100,2G,,2,,,4,4,8,,,,,,,,"MIC as printed: S ≤2, I 4, R ≥8. are also considered susceptible to gemifloxacin and moxifloxacin. However, some organisms that are"
Streptococcus pneumoniae,MFX,DISK,5 µg,,,CLSI M100,2G,,,,,,,,18,,,15,17,14,,"Zone as printed: S ≥18, I 15-17, R ≤14. intermediate or resistant to levofloxacin may be susceptible to gemifloxacin, moxifloxacin, or both."
Streptococcus pneumoniae,MFX,MIC,,,,CLSI M100,2G,,1,,,2,2,4,,,,,,,,"MIC as printed: S ≤1, I 2, R ≥4. intermediate or resistant to levofloxacin may be susceptible to gemifloxacin, moxifloxacin, or both."
Streptococcus pneumoniae,GAT,DISK,5 µg,,,CLSI M100,2G,,,,,,,,21,,,18,20,17,,"Zone as printed: S ≥21, I 18-20, R ≤17"
Streptococcus pneumoniae,GAT,MIC,,,,CLSI M100,2G,,1,,,2,2,4,,,,,,,,"MIC as printed: S ≤1, I 2, R ≥4"
Streptococcus pneumoniae,OFX,DISK,5 µg,,,CLSI M100,2G,,,,,,,,16,,,13,15,12,,"Zone as printed: S ≥16, I 13-15, R ≤12"
Streptococcus pneumoniae,OFX,MIC,,,,CLSI M100,2G,,2,,,4,4,8,,,,,,,,"MIC as printed: S ≤2, I 4, R ≥8"
Streptococcus pneumoniae,SPX,DISK,5 µg,,,CLSI M100,2G,,,,,,,,19,,,16,18,15,,"Zone as printed: S ≥19, I 16-18, R ≤15"
Streptococcus pneumoniae,SPX,MIC,,,,CLSI M100,2G,,0.5,,,1,1,2,,,,,,,,"MIC as printed: S ≤0.5, I 1, R ≥2"
Streptococcus pneumoniae,SXT,DISK,1.25/,,,CLSI M100,2G,,,,,,,,19,,,16,18,15,,"Zone as printed: S ≥19, I 16-18, R ≤15"
Streptococcus pneumoniae,SXT,MIC,,,,CLSI M100,2G,,0.5,,,1,2,4,,,,,,,,"MIC as printed: S ≤0.5/9.5, I 1/19-2/38, R ≥4/76"
Streptococcus pneumoniae,CHL,DISK,30 µg,,,CLSI M100,2G,,,,,,,,21,,,,,20,,"Zone as printed: S ≥21, R ≤20. See comment (19)."
Streptococcus pneumoniae,CHL,MIC,,,,CLSI M100,2G,,4,,,,,8,,,,,,,,"MIC as printed: S ≤4, R ≥8. See comment (19)."
Streptococcus pneumoniae,RIF,DISK,5 µg,,,CLSI M100,2G,,,,,,,,19,,,17,18,16,,"Zone as printed: S ≥19, I 17-18, R ≤16. (22) Rx: Rifampin should not be used alone for antimicrobial therapy."
Streptococcus pneumoniae,RIF,MIC,,,,CLSI M100,2G,,1,,,2,2,4,,,,,,,,"MIC as printed: S ≤1, I 2, R ≥4. (22) Rx: Rifampin should not be used alone for antimicrobial therapy."
Streptococcus pneumoniae,CLI,DISK,2 µg,,,CLSI M100,2G,,,,,,,,19,,,16,18,15,,"Zone as printed: S ≥19, I 16-18, R ≤15. (23) For isolates that test erythromycin resistant and clindamycin susceptible or intermediate, testing for ICR by disk diffusion using the D-zone test or by broth"
Streptococcus pneumoniae,CLI,MIC,,,,CLSI M100,2G,,0.25,,,0.5,0.5,1,,,,,,,,"MIC as printed: S ≤0.25, I 0.5, R ≥1. (23) For isolates that test erythromycin resistant and clindamycin susceptible or intermediate, testing for ICR by disk diffusion using the D-zone test or by broth"
Streptococcus pneumoniae,QDA,DISK,15 µg,,,CLSI M100,2G,,,,,,,,19,,,16,18,15,,"Zone as printed: S ≥19, I 16-18, R ≤15"
Streptococcus pneumoniae,QDA,MIC,,,,CLSI M100,2G,,1,,,2,2,4,,,,,,,,"MIC as printed: S ≤1, I 2, R ≥4"
Streptococcus pneumoniae,LNZ,DISK,30 µg,,,CLSI M100,2G,,,,,,,,21,,,,,,,Zone as printed: S ≥21
Streptococcus pneumoniae,LNZ,MIC,,,,CLSI M100,2G,,2,,,,,,,,,,,,,MIC as printed: S ≤2
Streptococcus pneumoniae,LFM,DISK,20 µg,,,CLSI M100,2G,,,,,,,,19,,,,,,,"Zone as printed: S ≥19. See comment (19). Abbreviations: ATCC®, American Type Culture Collection; CAMHB, cation-adjusted Mueller-Hinton broth; CO, carbon dioxide; CSF, cerebrospinal fluid; FDA, US Food and Drug Administration;"
Streptococcus pneumoniae,LFM,MIC,,,,CLSI M100,2G,,0.5,,,,,,,,,,,,,"MIC as printed: S ≤0.5. See comment (19). Abbreviations: ATCC®, American Type Culture Collection; CAMHB, cation-adjusted Mueller-Hinton broth; CO, carbon dioxide; CSF, cerebrospinal fluid; FDA, US Food and Drug Administration;"
Streptococcus spp. β-Hemolytic Group,PEN,DISK,10 units,,,CLSI M100,2H-1,,,,,,,,24,,,,,,,Zone as printed: S ≥24. See general comment (5).
Streptococcus spp. β-Hemolytic Group,PEN,MIC,,,,CLSI M100,2H-1,,0.12,,,,,,,,,,,,,MIC as printed: S ≤0.12. See general comment (5).
Streptococcus spp. β-Hemolytic Group,AMP,DISK,10 µg,,,CLSI M100,2H-1,,,,,,,,24,,,,,,,Zone as printed: S ≥24
Streptococcus spp. β-Hemolytic Group,AMP,MIC,,,,CLSI M100,2H-1,,0.25,,,,,,,,,,,,,MIC as printed: S ≤0.25
Streptococcus spp. β-Hemolytic Group,FEP,DISK,30 µg,,,CLSI M100,2H-1,,,,,,,,24,,,,,,,Zone as printed: S ≥24
Streptococcus spp. β-Hemolytic Group,FEP,MIC,,,,CLSI M100,2H-1,,0.5,,,,,,,,,,,,,MIC as printed: S ≤0.5
Streptococcus spp. β-Hemolytic Group,CTX,DISK,30 µg,,,CLSI M100,2H-1,,,,,,,,24,,,,,,,Zone as printed: S ≥24
Streptococcus spp. β-Hemolytic Group,CTX,MIC,,,,CLSI M100,2H-1,,0.5,,,,,,,,,,,,,MIC as printed: S ≤0.5
Streptococcus spp. β-Hemolytic Group,CRO,DISK,30 µg,,,CLSI M100,2H-1,,,,,,,,24,,,,,,,Zone as printed: S ≥24
Streptococcus spp. β-Hemolytic Group,CRO,MIC,,,,CLSI M100,2H-1,,0.5,,,,,,,,,,,,,MIC as printed: S ≤0.5
Streptococcus spp. β-Hemolytic Group,CPT,DISK,30 µg,,,CLSI M100,2H-1,,,,,,,,26,,,,,,,Zone as printed: S ≥26
Streptococcus spp. β-Hemolytic Group,CPT,MIC,,,,CLSI M100,2H-1,,0.5,,,,,,,,,,,,,MIC as printed: S ≤0.5
Streptococcus spp. β-Hemolytic Group,DOR,MIC,,,,CLSI M100,2H-1,,0.12,,,,,,,,,,,,,MIC as printed: S ≤0.12
Streptococcus spp. β-Hemolytic Group,ETP,MIC,,,,CLSI M100,2H-1,,1,,,,,,,,,,,,,MIC as printed: S ≤1
Streptococcus spp. β-Hemolytic Group,MEM,MIC,,,,CLSI M100,2H-1,,0.5,,,,,,,,,,,,,MIC as printed: S ≤0.5
Streptococcus spp. β-Hemolytic Group,VAN,DISK,30 µg,,,CLSI M100,2H-1,,,,,,,,17,,,,,,,Zone as printed: S ≥17
Streptococcus spp. β-Hemolytic Group,VAN,MIC,,,,CLSI M100,2H-1,,1,,,,,,,,,,,,,MIC as printed: S ≤1
Streptococcus spp. β-Hemolytic Group,DAL,MIC,,,,CLSI M100,2H-1,,0.25,,,,,,,,,,,,,"MIC as printed: S ≤0.25. (8) Report only on S. pyogenes, S. agalactiae, and S. dysgalactiae."
Streptococcus spp. β-Hemolytic Group,ORI,MIC,,,,CLSI M100,2H-1,,0.25,,,,,,,,,,,,,MIC as printed: S ≤0.25
Streptococcus spp. β-Hemolytic Group,TLV,MIC,,,,CLSI M100,2H-1,,0.12,,,,,,,,,,,,,MIC as printed: S ≤0.12
Streptococcus spp. β-Hemolytic Group,DAP,MIC,,,,CLSI M100,2H-1,,1,,,,,,,,,,,,,MIC as printed: S ≤1. (9) Not routinely reported on organisms isolated from the lower respiratory tract.
Streptococcus spp. β-Hemolytic Group,ERY,DISK,15 µg,,,CLSI M100,2H-1,,,,,,,,21,,,16,20,15,,"Zone as printed: S ≥21, I 16-20, R ≤15. (12) Rx: Recommendations for intrapartum prophylaxis for group B streptococci are penicillin or ampicillin. Although cefazolin is recommended for penicillin-allergic women at low risk for anaphylaxis, those at high risk for anaphylaxis may receive clindamycin or vancomycin (if the isolate is not susceptible to clindamycin).3 Group B streptococci are susceptible to ampicillin, penicillin, and cefazolin but may be resistant to erythromycin and clindamycin. When clindamycin is being considered for intrapartum prophylaxis (eg, pregnant woman with severe penicillin allergy), erythromycin and clindamycin (including ICR) should be tested, but only clindamycin should be reported. See Table 3J."
Streptococcus spp. β-Hemolytic Group,ERY,MIC,,,,CLSI M100,2H-1,,0.25,,,0.5,0.5,1,,,,,,,,"MIC as printed: S ≤0.25, I 0.5, R ≥1. (12) Rx: Recommendations for intrapartum prophylaxis for group B streptococci are penicillin or ampicillin. Although cefazolin is recommended for penicillin-allergic women at low risk for anaphylaxis, those at high risk for anaphylaxis may receive clindamycin or vancomycin (if the isolate is not susceptible to clindamycin).3 Group B streptococci are susceptible to ampicillin, penicillin, and cefazolin but may be resistant to erythromycin and clindamycin. When clindamycin is being considered for intrapartum prophylaxis (eg, pregnant woman with severe penicillin allergy), erythromycin and clindamycin (including ICR) should be tested, but only clindamycin should be reported. See Table 3J."
Streptococcus spp. β-Hemolytic Group,AZM,DISK,15 µg,,,CLSI M100,2H-1,,,,,,,,18,,,14,17,13,,"Zone as printed: S ≥18, I 14-17, R ≤13"
Streptococcus spp. β-Hemolytic Group,AZM,MIC,,,,CLSI M100,2H-1,,0.5,,,1,1,2,,,,,,,,"MIC as printed: S ≤0.5, I 1, R ≥2"
Streptococcus spp. β-Hemolytic Group,CLR,DISK,15 µg,,,CLSI M100,2H-1,,,,,,,,21,,,17,20,16,,"Zone as printed: S ≥21, I 17-20, R ≤16"
Streptococcus spp. β-Hemolytic Group,CLR,MIC,,,,CLSI M100,2H-1,,0.25,,,0.5,0.5,1,,,,,,,,"MIC as printed: S ≤0.25, I 0.5, R ≥1"
Streptococcus spp. β-Hemolytic Group,DIR,DISK,15 µg,,,CLSI M100,2H-1,,,,,,,,18,,,14,17,13,,"Zone as printed: S ≥18, I 14-17, R ≤13"
Streptococcus spp. β-Hemolytic Group,DIR,MIC,,,,CLSI M100,2H-1,,0.5,,,1,1,2,,,,,,,,"MIC as printed: S ≤0.5, I 1, R ≥2"
Streptococcus spp. β-Hemolytic Group,TCY,DISK,30 µg,,,CLSI M100,2H-1,,,,,,,,23,,,19,22,18,,"Zone as printed: S ≥23, I 19-22, R ≤18"
Streptococcus spp. β-Hemolytic Group,TCY,MIC,,,,CLSI M100,2H-1,,2,,,4,4,8,,,,,,,,"MIC as printed: S ≤2, I 4, R ≥8"
Streptococcus spp. β-Hemolytic Group,LVX,DISK,5 µg,,,CLSI M100,2H-1,,,,,,,,17,,,14,16,13,,"Zone as printed: S ≥17, I 14-16, R ≤13"
Streptococcus spp. β-Hemolytic Group,LVX,MIC,,,,CLSI M100,2H-1,,2,,,4,4,8,,,,,,,,"MIC as printed: S ≤2, I 4, R ≥8"
Streptococcus spp. β-Hemolytic Group,GAT,DISK,5 µg,,,CLSI M100,2H-1,,,,,,,,21,,,18,20,17,,"Zone as printed: S ≥21, I 18-20, R ≤17"
Streptococcus spp. β-Hemolytic Group,GAT,MIC,,,,CLSI M100,2H-1,,1,,,2,2,4,,,,,,,,"MIC as printed: S ≤1, I 2, R ≥4"
Streptococcus spp. β-Hemolytic Group,GRX,DISK,5 µg,,,CLSI M100,2H-1,,,,,,,,19,,,16,18,15,,"Zone as printed: S ≥19, I 16-18, R ≤15"
Streptococcus spp. β-Hemolytic Group,GRX,MIC,,,,CLSI M100,2H-1,,0.5,,,1,1,2,,,,,,,,"MIC as printed: S ≤0.5, I 1, R ≥2"
Streptococcus spp. β-Hemolytic Group,OFX,DISK,5 µg,,,CLSI M100,2H-1,,,,,,,,16,,,13,15,12,,"Zone as printed: S ≥16, I 13-15, R ≤12"
Streptococcus spp. β-Hemolytic Group,OFX,MIC,,,,CLSI M100,2H-1,,2,,,4,4,8,,,,,,,,"MIC as printed: S ≤2, I 4, R ≥8"
Streptococcus spp. β-Hemolytic Group,TVA,DISK,10 µg,,,CLSI M100,2H-1,,,,,,,,19,,,16,18,15,,"Zone as printed: S ≥19, I 16-18, R ≤15"
Streptococcus spp. β-Hemolytic Group,TVA,MIC,,,,CLSI M100,2H-1,,1,,,2,2,4,,,,,,,,"MIC as printed: S ≤1, I 2, R ≥4"
Streptococcus spp. β-Hemolytic Group,CHL,DISK,30 µg,,,CLSI M100,2H-1,,,,,,,,21,,,18,20,17,,"Zone as printed: S ≥21, I 18-20, R ≤17. See comment (11)."
Streptococcus spp. β-Hemolytic Group,CHL,MIC,,,,CLSI M100,2H-1,,4,,,8,8,16,,,,,,,,"MIC as printed: S ≤4, I 8, R ≥16. See comment (11)."
Streptococcus spp. β-Hemolytic Group,CLI,DISK,2 µg,,,CLSI M100,2H-1,,,,,,,,19,,,16,18,15,,"Zone as printed: S ≥19, I 16-18, R ≤15. See comments (11) and (12). (16) For isolates that test erythromycin resistant and clindamycin susceptible or intermediate, testing for ICR by disk diffusion using the D-zone test or by broth microdilution is required before reporting clindamycin. See Table 3J, CLSI M02,4 and CLSI M07.1"
Streptococcus spp. β-Hemolytic Group,CLI,MIC,,,,CLSI M100,2H-1,,0.25,,,0.5,0.5,1,,,,,,,,"MIC as printed: S ≤0.25, I 0.5, R ≥1. See comments (11) and (12). (16) For isolates that test erythromycin resistant and clindamycin susceptible or intermediate, testing for ICR by disk diffusion using the D-zone test or by broth microdilution is required before reporting clindamycin. See Table 3J, CLSI M02,4 and CLSI M07.1"
Streptococcus spp. β-Hemolytic Group,QDA,DISK,15 µg,,,CLSI M100,2H-1,,,,,,,,19,,,16,18,15,,"Zone as printed: S ≥19, I 16-18, R ≤15. (17) Report only on S. pyogenes. dalfopristin*"
Streptococcus spp. β-Hemolytic Group,QDA,MIC,,,,CLSI M100,2H-1,,1,,,2,2,4,,,,,,,,"MIC as printed: S ≤1, I 2, R ≥4. (17) Report only on S. pyogenes. dalfopristin*"
Streptococcus spp. β-Hemolytic Group,LNZ,DISK,30 µg,,,CLSI M100,2H-1,,,,,,,,21,,,,,,,Zone as printed: S ≥21
Streptococcus spp. β-Hemolytic Group,LNZ,MIC,,,,CLSI M100,2H-1,,2,,,,,,,,,,,,,MIC as printed: S ≤2
Streptococcus spp. β-Hemolytic Group,TZD,DISK,2 µg,,,CLSI M100,2H-1,,,,,,,,15,,,,,,,"Zone as printed: S ≥15. (19) Report only on S. pyogenes and S. agalactiae. Abbreviations: CAMHB, cation-adjusted Mueller-Hinton broth; CO, carbon dioxide; FDA, US Food and Drug Administration; I, intermediate; ICR, inducible clindamycin resistance; LHB, lysed"
Streptococcus spp. β-Hemolytic Group,TZD,MIC,,,,CLSI M100,2H-1,,0.5,,,,,,,,,,,,,"MIC as printed: S ≤0.5. (19) Report only on S. pyogenes and S. agalactiae. Abbreviations: CAMHB, cation-adjusted Mueller-Hinton broth; CO, carbon dioxide; FDA, US Food and Drug Administration; I, intermediate; ICR, inducible clindamycin resistance; LHB, lysed"
Streptococcus spp. Viridans Group,PEN,MIC,,,,CLSI M100,2H-2,,0.12,,,0.25,2,4,,,,,,,,"MIC as printed: S ≤0.12, I 0.25-2, R ≥4. (6) Viridans streptococci isolated from normally sterile anatomical"
Streptococcus spp. Viridans Group,AMP,MIC,,,,CLSI M100,2H-2,,0.25,,,0.5,4,8,,,,,,,,"MIC as printed: S ≤0.25, I 0.5-4, R ≥8. sites (eg, CSF, blood, bone) should be tested for penicillin susceptibility using an MIC method. (7) A penicillin MIC of ≤0.125 µg/mL is the same as a penicillin"
Streptococcus spp. Viridans Group,CZT,MIC,,,,CLSI M100,2H-2,,8,,,16,16,32,,,,,,,,"MIC as printed: S ≤8/4, I 16/4, R ≥32/4. tazobactam"
Streptococcus spp. Viridans Group,FEP,DISK,30 µg,,,CLSI M100,2H-2,,,,,,,,24,,,22,23,21,,"Zone as printed: S ≥24, I 22-23, R ≤21"
Streptococcus spp. Viridans Group,FEP,MIC,,,,CLSI M100,2H-2,,1,,,2,2,4,,,,,,,,"MIC as printed: S ≤1, I 2, R ≥4"
Streptococcus spp. Viridans Group,CTX,DISK,30 µg,,,CLSI M100,2H-2,,,,,,,,28,,,26,27,25,,"Zone as printed: S ≥28, I 26-27, R ≤25"
Streptococcus spp. Viridans Group,CTX,MIC,,,,CLSI M100,2H-2,,1,,,2,2,4,,,,,,,,"MIC as printed: S ≤1, I 2, R ≥4"
Streptococcus spp. Viridans Group,CRO,DISK,30 µg,,,CLSI M100,2H-2,,,,,,,,27,,,25,26,24,,"Zone as printed: S ≥27, I 25-26, R ≤24"
Streptococcus spp. Viridans Group,CRO,MIC,,,,CLSI M100,2H-2,,1,,,2,2,4,,,,,,,,"MIC as printed: S ≤1, I 2, R ≥4"
Streptococcus spp. Viridans Group,DOR,MIC,,,,CLSI M100,2H-2,,1,,,,,,,,,,,,,MIC as printed: S ≤1
Streptococcus spp. Viridans Group,ETP,MIC,,,,CLSI M100,2H-2,,1,,,,,,,,,,,,,MIC as printed: S ≤1
Streptococcus spp. Viridans Group,MEM,MIC,,,,CLSI M100,2H-2,,0.5,,,,,,,,,,,,,MIC as printed: S ≤0.5
Streptococcus spp. Viridans Group,VAN,DISK,30 µg,,,CLSI M100,2H-2,,,,,,,,17,,,,,,,Zone as printed: S ≥17
Streptococcus spp. Viridans Group,VAN,MIC,,,,CLSI M100,2H-2,,1,,,,,,,,,,,,,MIC as printed: S ≤1
Streptococcus spp. Viridans Group,DAL,MIC,,,,CLSI M100,2H-2,,0.25,,,,,,,,,,,,,"MIC as printed: S ≤0.25. (9) Report only on S. anginosus group (including S. anginosus, S. intermedius, and S. constellatus)."
Streptococcus spp. Viridans Group,ORI,MIC,,,,CLSI M100,2H-2,,0.25,,,,,,,,,,,,,MIC as printed: S ≤0.25
Streptococcus spp. Viridans Group,TLV,MIC,,,,CLSI M100,2H-2,,0.06,,,,,,,,,,,,,MIC as printed: S ≤0.06
Streptococcus spp. Viridans Group,DAP,MIC,,,,CLSI M100,2H-2,,1,,,,,,,,,,,,,MIC as printed: S ≤1. (10) Not routinely reported on organisms isolated from the lower respiratory tract.
Streptococcus spp. Viridans Group,ERY,DISK,15 µg,,,CLSI M100,2H-2,,,,,,,,21,,,16,20,15,,"Zone as printed: S ≥21, I 16-20, R ≤15"
Streptococcus spp. Viridans Group,ERY,MIC,,,,CLSI M100,2H-2,,0.25,,,0.5,0.5,1,,,,,,,,"MIC as printed: S ≤0.25, I 0.5, R ≥1"
Streptococcus spp. Viridans Group,AZM,DISK,15 µg,,,CLSI M100,2H-2,,,,,,,,18,,,14,17,13,,"Zone as printed: S ≥18, I 14-17, R ≤13"
Streptococcus spp. Viridans Group,AZM,MIC,,,,CLSI M100,2H-2,,0.5,,,1,1,2,,,,,,,,"MIC as printed: S ≤0.5, I 1, R ≥2"
Streptococcus spp. Viridans Group,CLR,DISK,15 µg,,,CLSI M100,2H-2,,,,,,,,21,,,17,20,16,,"Zone as printed: S ≥21, I 17-20, R ≤16"
Streptococcus spp. Viridans Group,CLR,MIC,,,,CLSI M100,2H-2,,0.25,,,0.5,0.5,1,,,,,,,,"MIC as printed: S ≤0.25, I 0.5, R ≥1"
Streptococcus spp. Viridans Group,DIR,DISK,15 µg,,,CLSI M100,2H-2,,,,,,,,18,,,14,17,13,,"Zone as printed: S ≥18, I 14-17, R ≤13"
Streptococcus spp. Viridans Group,DIR,MIC,,,,CLSI M100,2H-2,,0.5,,,1,1,2,,,,,,,,"MIC as printed: S ≤0.5, I 1, R ≥2"
Streptococcus spp. Viridans Group,TCY,DISK,30 µg,,,CLSI M100,2H-2,,,,,,,,23,,,19,22,18,,"Zone as printed: S ≥23, I 19-22, R ≤18"
Streptococcus spp. Viridans Group,TCY,MIC,,,,CLSI M100,2H-2,,2,,,4,4,8,,,,,,,,"MIC as printed: S ≤2, I 4, R ≥8"
Streptococcus spp. Viridans Group,LVX,DISK,5 µg,,,CLSI M100,2H-2,,,,,,,,17,,,14,16,13,,"Zone as printed: S ≥17, I 14-16, R ≤13"
Streptococcus spp. Viridans Group,LVX,MIC,,,,CLSI M100,2H-2,,2,,,4,4,8,,,,,,,,"MIC as printed: S ≤2, I 4, R ≥8"
Streptococcus spp. Viridans Group,OFX,DISK,5 µg,,,CLSI M100,2H-2,,,,,,,,16,,,13,15,12,,"Zone as printed: S ≥16, I 13-15, R ≤12"
Streptococcus spp. Viridans Group,OFX,MIC,,,,CLSI M100,2H-2,,2,,,4,4,8,,,,,,,,"MIC as printed: S ≤2, I 4, R ≥8"
Streptococcus spp. Viridans Group,GAT,DISK,5 µg,,,CLSI M100,2H-2,,,,,,,,21,,,18,20,17,,"Zone as printed: S ≥21, I 18-20, R ≤17"
Streptococcus spp. Viridans Group,GAT,MIC,,,,CLSI M100,2H-2,,1,,,2,2,4,,,,,,,,"MIC as printed: S ≤1, I 2, R ≥4"
Streptococcus spp. Viridans Group,GRX,DISK,5 µg,,,CLSI M100,2H-2,,,,,,,,19,,,16,18,15,,"Zone as printed: S ≥19, I 16-18, R ≤15"
Streptococcus spp. Viridans Group,GRX,MIC,,,,CLSI M100,2H-2,,0.5,,,1,1,2,,,,,,,,"MIC as printed: S ≤0.5, I 1, R ≥2"
Streptococcus spp. Viridans Group,TVA,DISK,10 µg,,,CLSI M100,2H-2,,,,,,,,19,,,16,18,15,,"Zone as printed: S ≥19, I 16-18, R ≤15"
Streptococcus spp. Viridans Group,TVA,MIC,,,,CLSI M100,2H-2,,1,,,2,2,4,,,,,,,,"MIC as printed: S ≤1, I 2, R ≥4"
Streptococcus spp. Viridans Group,CHL,DISK,30 µg,,,CLSI M100,2H-2,,,,,,,,21,,,18,20,17,,"Zone as printed: S ≥21, I 18-20, R ≤17. See comment (12)."
Streptococcus spp. Viridans Group,CHL,MIC,,,,CLSI M100,2H-2,,4,,,8,8,16,,,,,,,,"MIC as printed: S ≤4, I 8, R ≥16. See comment (12)."
Streptococcus spp. Viridans Group,CLI,DISK,2 µg,,,CLSI M100,2H-2,,,,,,,,19,,,16,18,15,,"Zone as printed: S ≥19, I 16-18, R ≤15. See comment (12)."
Streptococcus spp. Viridans Group,CLI,MIC,,,,CLSI M100,2H-2,,0.25,,,0.5,0.5,1,,,,,,,,"MIC as printed: S ≤0.25, I 0.5, R ≥1. See comment (12)."
Streptococcus spp. Viridans Group,QDA,DISK,15 µg,,,CLSI M100,2H-2,,,,,,,,19,,,16,18,15,,"Zone as printed: S ≥19, I 16-18, R ≤15. dalfopristin*"
Streptococcus spp. Viridans Group,QDA,MIC,,,,CLSI M100,2H-2,,1,,,2,2,4,,,,,,,,"MIC as printed: S ≤1, I 2, R ≥4. dalfopristin*"
Streptococcus spp. Viridans Group,LNZ,DISK,30 µg,,,CLSI M100,2H-2,,,,,,,,21,,,,,,,Zone as printed: S ≥21
Streptococcus spp. Viridans Group,LNZ,MIC,,,,CLSI M100,2H-2,,2,,,,,,,,,,,,,MIC as printed: S ≤2
Streptococcus spp. Viridans Group,TZD,DISK,2 µg,,,CLSI M100,2H-2,,,,,,,,18,,,,,,,"Zone as printed: S ≥18. See comment (9). Abbreviations: CAMHB, cation-adjusted Mueller-Hinton broth; CO, carbon dioxide; CSF, cerebrospinal fluid; I, intermediate; LHB, lysed horse blood; MHA, Mueller-Hinton agar; MIC, minimal"
Streptococcus spp. Viridans Group,TZD,MIC,,,,CLSI M100,2H-2,,0.25,,,,,,,,,,,,,"MIC as printed: S ≤0.25. See comment (9). Abbreviations: CAMHB, cation-adjusted Mueller-Hinton broth; CO, carbon dioxide; CSF, cerebrospinal fluid; I, intermediate; LHB, lysed horse blood; MHA, Mueller-Hinton agar; MIC, minimal"
Neisseria meningitidis,PEN,MIC,,,,CLSI M100,2I,,0.06,,,0.12,0.25,0.5,,,,,,,,"MIC as printed: S ≤0.06, I 0.12-0.25, R ≥0.5"
Neisseria meningitidis,AMP,MIC,,,,CLSI M100,2I,,0.12,,,0.25,1,2,,,,,,,,"MIC as printed: S ≤0.12, I 0.25-1, R ≥2"
Neisseria meningitidis,CTX,DISK,30 µg,,,CLSI M100,2I,,,,,,,,34,,,,,,,Zone as printed: S ≥34
Neisseria meningitidis,CTX,MIC,,,,CLSI M100,2I,,0.12,,,,,,,,,,,,,MIC as printed: S ≤0.12
Neisseria meningitidis,CRO,DISK,30 µg,,,CLSI M100,2I,,,,,,,,34,,,,,,,Zone as printed: S ≥34
Neisseria meningitidis,CRO,MIC,,,,CLSI M100,2I,,0.12,,,,,,,,,,,,,MIC as printed: S ≤0.12
Neisseria meningitidis,MEM,DISK,10 µg,,,CLSI M100,2I,,,,,,,,30,,,,,,,Zone as printed: S ≥30
Neisseria meningitidis,MEM,MIC,,,,CLSI M100,2I,,0.25,,,,,,,,,,,,,MIC as printed: S ≤0.25
Neisseria meningitidis,AZM,DISK,15 µg,,,CLSI M100,2I,,,,,,,,20,,,,,,,Zone as printed: S ≥20. See general comment (7). (8) May be appropriate only for prophylaxis of meningococcal case contacts. These breakpoints do not apply to therapy of patients with invasive meningococcal disease.
Neisseria meningitidis,AZM,MIC,,,,CLSI M100,2I,,2,,,,,,,,,,,,,MIC as printed: S ≤2. See general comment (7). (8) May be appropriate only for prophylaxis of meningococcal case contacts. These breakpoints do not apply to therapy of patients with invasive meningococcal disease.
Neisseria meningitidis,MNO,DISK,30 µg,,,CLSI M100,2I,,,,,,,,26,,,,,,,Zone as printed: S ≥26. See comment (8).
Neisseria meningitidis,MNO,MIC,,,,CLSI M100,2I,,2,,,,,,,,,,,,,MIC as printed: S ≤2. See comment (8).
Neisseria meningitidis,CIP,DISK,5 µg,,,CLSI M100,2I,,,,,,,,35,,,33,34,32,,"Zone as printed: S ≥35, I 33-34, R ≤32. See comment (8)."
Neisseria meningitidis,CIP,MIC,,,,CLSI M100,2I,,0.03,,,0.06,0.06,0.12,,,,,,,,"MIC as printed: S ≤0.03, I 0.06, R ≥0.12. See comment (8)."
Neisseria meningitidis,LVX,MIC,,,,CLSI M100,2I,,0.03,,,0.06,0.06,0.12,,,,,,,,"MIC as printed: S ≤0.03, I 0.06, R ≥0.12"
Neisseria meningitidis,SXT,DISK,1.25/,,,CLSI M100,2I,,,,,,,,30,,,26,29,25,,"Zone as printed: S ≥30, I 26-29, R ≤25. (10) Trimethoprim-sulfamethoxazole is the preferred"
Neisseria meningitidis,SXT,MIC,,,,CLSI M100,2I,,0.12,,,0.25,0.25,0.5,,,,,,,,"MIC as printed: S ≤0.12/2.4, I 0.25/4.75, R ≥0.5/9.5. (10) Trimethoprim-sulfamethoxazole is the preferred"
Neisseria meningitidis,CHL,DISK,30 µg,,,CLSI M100,2I,,,,,,,,26,,,20,25,19,,"Zone as printed: S ≥26, I 20-25, R ≤19. (11) Not routinely reported on organisms isolated from the urinary tract."
Neisseria meningitidis,CHL,MIC,,,,CLSI M100,2I,,2,,,4,4,8,,,,,,,,"MIC as printed: S ≤2, I 4, R ≥8. (11) Not routinely reported on organisms isolated from the urinary tract."
Neisseria meningitidis,RIF,DISK,5 µg,,,CLSI M100,2I,,,,,,,,25,,,20,24,19,,"Zone as printed: S ≥25, I 20-24, R ≤19. See comment (8). Abbreviations: AST, antimicrobial susceptibility testing; BSC, biological safety cabinet; BSL-2, biosafety level 2; BSL-3, biosafety level 3; CAMHB, cation-adjusted Mueller-Hinton broth; CFU, colony-forming unit(s); CO, carbon dioxide; I, intermediate; LHB, lysed horse blood; MHA, Mueller-Hinton agar; MIC, minimal inhibitory concentration; QC, quality control; R, resistant; S, susceptible."
Neisseria meningitidis,RIF,MIC,,,,CLSI M100,2I,,0.5,,,1,1,2,,,,,,,,"MIC as printed: S ≤0.5, I 1, R ≥2. See comment (8). Abbreviations: AST, antimicrobial susceptibility testing; BSC, biological safety cabinet; BSL-2, biosafety level 2; BSL-3, biosafety level 3; CAMHB, cation-adjusted Mueller-Hinton broth; CFU, colony-forming unit(s); CO, carbon dioxide; I, intermediate; LHB, lysed horse blood; MHA, Mueller-Hinton agar; MIC, minimal inhibitory concentration; QC, quality control; R, resistant; S, susceptible."
Anaerobes,AMP,MIC,,,,CLSI M100,2J,,0.5,,,1,1,2,,,,,,,,"MIC as printed: S ≤0.5, I 1, R ≥2. (7) Ampicillin and penicillin are recommended for primary testing and reporting for gram-"
Anaerobes,PEN,MIC,,,,CLSI M100,2J,,0.5,,,1,1,2,,,,,,,,"MIC as printed: S ≤0.5, I 1, R ≥2. positive organisms (tier 1; see Table 1J) because most of them are β-lactamase negative, but not for gram-negative organisms because many are β-lactamase positive (tier 4; see Table 1J). (8) Bacteroides spp. are intrinsically resistant to penicillin and ampicillin. Parabacteroides spp. are presumed to be resistant to penicillin and ampicillin. Other gram-negative and gram-positive anaerobes may be screened for β-lactamase activity with a chromogenic cephalosporin; if β-lactamase positive, report as resistant to penicillin, ampicillin, and amoxicillin. Be aware that β-lactamase–negative isolates may be resistant to β-lactams by other mechanisms. Because higher blood levels are achievable with these antimicrobial agents, infection with non–β-lactamase-producing organisms with higher MICs (2-4 µg/mL) with adequate dosage regimen might be treatable. (9) Results of ampicillin testing can be used to predict results for amoxicillin."
Anaerobes,AMC,MIC,,,,CLSI M100,2J,,4,,,8,8,16,,,,,,,,"MIC as printed: S ≤4/2, I 8/4, R ≥16/8"
Anaerobes,SAM,MIC,,,,CLSI M100,2J,,8,,,16,16,32,,,,,,,,"MIC as printed: S ≤8/4, I 16/8, R ≥32/16"
Anaerobes,TZP,MIC,,,,CLSI M100,2J,,16,,,32,64,128,,,,,,,,"MIC as printed: S ≤16/4, I 32/4-64/4, R ≥128/4"
Anaerobes,IMR,MIC,,,,CLSI M100,2J,,4,,,8,8,16,,,,,,,,"MIC as printed: S ≤4/4, I 8/4, R ≥16/4"
Anaerobes,TCC,MIC,,,,CLSI M100,2J,,32,,,64,64,128,,,,,,,,"MIC as printed: S ≤32/2, I 64/2, R ≥128/2"
Anaerobes,CTT,MIC,,,,CLSI M100,2J,,16,,,32,32,64,,,,,,,,"MIC as printed: S ≤16, I 32, R ≥64"
Anaerobes,FOX,MIC,,,,CLSI M100,2J,,16,,,32,32,64,,,,,,,,"MIC as printed: S ≤16, I 32, R ≥64"
Anaerobes,CZX,MIC,,,,CLSI M100,2J,,32,,,64,64,128,,,,,,,,"MIC as printed: S ≤32, I 64, R ≥128"
Anaerobes,CRO,MIC,,,,CLSI M100,2J,,16,,,32,32,64,,,,,,,,"MIC as printed: S ≤16, I 32, R ≥64"
Anaerobes,CMZ,MIC,,,,CLSI M100,2J,,16,,,32,32,64,,,,,,,,"MIC as printed: S ≤16, I 32, R ≥64"
Anaerobes,CFP,MIC,,,,CLSI M100,2J,,16,,,32,32,64,,,,,,,,"MIC as printed: S ≤16, I 32, R ≥64"
Anaerobes,CTX,MIC,,,,CLSI M100,2J,,16,,,32,32,64,,,,,,,,"MIC as printed: S ≤16, I 32, R ≥64"
Anaerobes,DOR,MIC,,,,CLSI M100,2J,,2,,,4,4,8,,,,,,,,"MIC as printed: S ≤2, I 4, R ≥8"
Anaerobes,ETP,MIC,,,,CLSI M100,2J,,4,,,8,8,16,,,,,,,,"MIC as printed: S ≤4, I 8, R ≥16"
Anaerobes,IPM,MIC,,,,CLSI M100,2J,,4,,,8,8,16,,,,,,,,"MIC as printed: S ≤4, I 8, R ≥16"
Anaerobes,MEM,MIC,,,,CLSI M100,2J,,4,,,8,8,16,,,,,,,,"MIC as printed: S ≤4, I 8, R ≥16"
Anaerobes,TCY,MIC,,,,CLSI M100,2J,,4,,,8,8,16,,,,,,,,"MIC as printed: S ≤4, I 8, R ≥16"
Anaerobes,MFX,MIC,,,,CLSI M100,2J,,2,,,4,4,8,,,,,,,,"MIC as printed: S ≤2, I 4, R ≥8"
Anaerobes,CLI,MIC,,,,CLSI M100,2J,,2,,,4,4,8,,,,,,,,"MIC as printed: S ≤2, I 4, R ≥8"
Anaerobes,CHL,MIC,,,,CLSI M100,2J,,8,,,16,16,32,,,,,,,,"MIC as printed: S ≤8, I 16, R ≥32"
Anaerobes,MTZ,MIC,,,,CLSI M100,2J,,8,,,16,16,32,,,,,,,,"MIC as printed: S ≤8, I 16, R ≥32. (11) Many non–spore-forming, gram-positive anaerobic rods are resistant to metronidazole. Abbreviations: CFU, colony-forming unit(s); I, intermediate; LHB, lysed horse blood; MIC, minimal inhibitory concentration; QC, quality control; R, resistant; S, susceptible."
